;V1;V2;V3;V4;V5;V6;V7;V8;V9;V10;V11;V12;V13;V14;V15;V16;V17;V18;V19;V20
1;BPI-001-CO 2019-07-22 05:49 AM;BPI-001-CO 2019-07-22 08:13 AM;BPI-001-CO 2019-07-23 07:08 AM;BPI-001-CO 2019-07-23 07:27 AM;BPI-001-CO 2020-01-29 07:25 AM;BPI-001-CO 2020-01-29 07:41 AM;BPI-001-CO 2020-01-30 07:56 AM;BPI-001-CO 2020-01-30 08:17 AM;BPI-001-CO 2020-08-11 06:11 AM;BPI-001-CO 2020-08-11 06:31 AM;BPI-001-CO 2020-09-14 06:39 AM;BPI-001-CO 2020-09-14 07:29 AM;BPI-001-CO 2021-02-09 07:35 AM;BPI-001-CO 2021-02-09 08:22 AM;BPI-001-CO 2021-02-09 09:30 AM;BPI-001-CO 2021-03-17 07:44 AM;BPI-001-CO 2021-07-20 06:34 AM;BPI-001-CO 2021-07-20 07:40 AM;NA;NA
2;BPI-002-CO 2019-07-22 06:25 AM;BPI-002-CO 2019-07-22 06:43 AM;BPI-002-CO 2019-07-23 06:30 AM;BPI-002-CO 2019-07-23 06:53 AM;BPI-002-CO 2020-01-29 07:42 AM;BPI-002-CO 2020-01-29 08:03 AM;BPI-002-CO 2020-01-30 07:08 AM;BPI-002-CO 2020-01-30 07:28 AM;BPI-002-CO 2020-08-11 06:52 AM;BPI-002-CO 2020-08-11 07:08 AM;BPI-002-CO 2020-09-14 05:57 AM;BPI-002-CO 2020-09-14 07:12 AM;BPI-002-CO 2021-02-09 07:30 AM;NA;BPI-002-CO 2021-02-09 09:20 AM;BPI-002-CO 2021-03-17 07:29 AM;BPI-002-CO 2021-07-20 06:14 AM;BPI-002-CO 2021-07-20 07:26 AM;BPI-002-CO 2021-07-20 07:46 AM;NA
3;BPI-003-CO 2019-07-22 07:37 AM;BPI-003-CO 2019-07-22 07:51 AM;BPI-003-CO 2019-07-23 05:45 AM;BPI-003-CO 2019-07-23 06:01 AM;BPI-003-CO 2020-01-29 07:22 AM;BPI-003-CO 2020-01-29 08:05 AM;BPI-003-CO 2020-01-30 06:30 AM;BPI-003-CO 2020-01-30 06:49 AM;BPI-003-CO 2020-08-11 05:55 AM;BPI-003-CO 2020-08-11 06:35 AM;BPI-003-CO 2020-09-14 06:54 AM;BPI-003-CO 2020-09-14 09:08 AM;BPI-003-CO 2021-02-09 07:57 AM;BPI-003-CO 2021-02-09 09:13 AM;BPI-003-CO 2021-02-09 09:37 AM;BPI-003-CO 2021-03-18 08:12 AM;BPI-003-CO 2021-07-20 06:56 AM;BPI-003-CO 2021-07-20 07:28 AM;BPI-003-CO 2021-07-20 08:27 AM;NA
4;BPI-004-CO 2019-07-23 08:59 AM;BPI-004-CO 2019-07-23 09:19 AM;BPI-004-CO 2019-07-24 06:47 AM;BPI-004-CO 2019-07-24 07:06 AM;NA;NA;NA;NA;BPI-004-CO 2020-08-11 08:20 AM;BPI-004-CO 2020-08-11 08:59 AM;BPI-004-CO 2020-09-14 07:55 AM;BPI-004-CO 2020-09-14 08:40 AM;BPI-004-CO 2021-02-09 07:11 AM;BPI-004-CO 2021-02-09 08:25 AM;BPI-004-CO 2021-02-09 09:14 AM;BPI-004-CO 2021-03-18 07:34 AM;BPI-004-CO 2021-07-20 06:38 AM;BPI-004-CO 2021-07-20 07:29 AM;BPI-004-CO 2021-07-20 08:41 AM;NA
5;BPI-005-CO 2019-07-23 08:21 AM;BPI-005-CO 2019-07-23 08:43 AM;BPI-005-CO 2019-07-24 06:13 AM;BPI-005-CO 2019-07-24 06:26 AM;NA;NA;NA;NA;BPI-005-CO 2020-08-11 07:57 AM;BPI-005-CO 2020-08-11 08:35 AM;BPI-005-CO 2020-09-14 07:29 AM;BPI-005-CO 2020-09-14 08:08 AM;BPI-005-CO 2021-02-09 06:48 AM;BPI-005-CO 2021-02-09 08:47 AM;BPI-005-CO 2021-02-09 09:34 AM;BPI-005-CO 2021-03-18 07:13 AM;BPI-005-CO 2021-07-20 06:10 AM;BPI-005-CO 2021-07-20 07:49 AM;BPI-005-CO 2021-07-20 08:23 AM;NA
6;BPI-006-CO 2019-07-23 08:01 AM;BPI-006-CO 2019-07-24 05:50 AM;NA;NA;NA;NA;NA;NA;BPI-006-CO 2020-08-11 08:07 AM;BPI-006-CO 2020-08-11 08:43 AM;BPI-006-CO 2020-09-14 07:02 AM;BPI-006-CO 2020-09-14 07:50 AM;BPI-006-CO 2021-02-09 06:29 AM;BPI-006-CO 2021-02-09 07:55 AM;BPI-006-CO 2021-02-09 08:45 AM;BPI-006-CO 2021-03-18 06:52 AM;BPI-006-CO 2021-07-20 05:55 AM;BPI-006-CO 2021-07-20 07:04 AM;BPI-006-CO 2021-07-20 08:07 AM;NA
7;BPI-007-CO 2019-07-24 07:47 AM;BPI-007-CO 2019-07-24 09:09 AM;BPI-007-CO 2019-07-25 05:53 AM;BPI-007-CO 2019-07-25 07:14 AM;BPI-007-CO 2020-02-01 08:27 AM;BPI-007-CO 2020-02-01 08:46 AM;BPI-007-CO 2020-03-06 08:06 AM;BPI-007-CO 2020-03-06 09:09 AM;BPI-007-CO 2020-08-11 09:14 AM;BPI-007-CO 2020-08-11 09:47 AM;BPI-007-CO 2020-09-14 06:37 AM;BPI-007-CO 2020-09-14 08:46 AM;BPI-007-CO 2021-02-09 06:21 AM;BPI-007-CO 2021-02-09 06:51 AM;BPI-007-CO 2021-02-09 07:56 AM;BPI-007-CO 2021-03-18 08:29 AM;BPI-007-CO 2021-07-20 06:35 AM;BPI-007-CO 2021-07-20 08:15 AM;BPI-007-CO 2021-07-20 08:51 AM;NA
8;BPI-008-CO 2019-07-24 08:11 AM;BPI-008-CO 2019-07-24 08:26 AM;BPI-008-CO 2019-07-25 06:14 AM;BPI-008-CO 2019-07-25 06:34 AM;BPI-008-CO 2020-02-01 07:38 AM;BPI-008-CO 2020-02-01 08:00 AM;BPI-008-CO 2020-03-06 08:32 AM;BPI-008-CO 2020-03-06 08:51 AM;BPI-008-CO 2020-08-11 09:37 AM;BPI-008-CO 2020-08-11 09:52 AM;BPI-008-CO 2020-09-14 06:07 AM;BPI-008-CO 2020-09-14 09:12 AM;BPI-008-CO 2021-02-09 06:24 AM;BPI-008-CO 2021-02-09 06:48 AM;BPI-008-CO 2021-02-09 08:33 AM;BPI-008-CO 2021-03-18 08:52 AM;BPI-008-CO 2021-07-20 06:10 AM;BPI-008-CO 2021-07-20 08:38 AM;BPI-008-CO 2021-07-20 09:28 AM;NA
9;BPI-009-CO 2019-07-25 07:54 AM;BPI-009-CO 2019-07-25 08:15 AM;BPI-009-CO 2019-07-29 07:17 AM;BPI-009-CO 2019-07-29 07:30 AM;NA;NA;NA;NA;BPI-009-CO 2020-08-31 08:25 AM;BPI-009-CO 2020-08-31 08:46 AM;BPI-009-CO 2020-09-25 05:46 AM;BPI-009-CO 2020-09-25 06:07 AM;BPI-009-CO 2021-03-09 06:11 AM;BPI-009-CO 2021-03-30 07:38 AM;BPI-009-CO 2021-04-01 06:38 AM;BPI-009-CO 2021-04-01 07:04 AM;BPI-009-CO 2021-09-13 08:52 AM;BPI-009-CO 2021-09-13 09:15 AM;BPI-009-CO 2021-09-16 08:06 AM;BPI-009-CO 2021-09-16 08:22 AM
10;BPI-010-CO 2019-07-25 07:54 AM;BPI-010-CO 2019-07-25 08:12 AM;BPI-010-CO 2019-07-29 06:39 AM;BPI-010-CO 2019-07-29 06:50 AM;NA;NA;NA;NA;BPI-010-CO 2020-08-31 09:03 AM;BPI-010-CO 2020-08-31 09:18 AM;BPI-010-CO 2020-09-25 06:28 AM;BPI-010-CO 2020-09-25 06:44 AM;BPI-010-CO 2021-03-09 06:27 AM;BPI-010-CO 2021-03-30 08:02 AM;BPI-010-CO 2021-04-01 09:37 AM;BPI-010-CO 2021-04-01 10:03 AM;BPI-010-CO 2021-09-13 08:04 AM;BPI-010-CO 2021-09-13 08:36 AM;BPI-010-CO 2021-09-16 07:23 AM;BPI-010-CO 2021-09-16 07:39 AM
11;BPI-011-CO 2019-07-25 08:52 AM;BPI-011-CO 2019-07-25 09:04 AM;BPI-011-CO 2019-07-29 05:59 AM;BPI-011-CO 2019-07-29 06:12 AM;BPI-011-CO 2020-02-01 06:42 AM;BPI-011-CO 2020-02-01 09:38 AM;BPI-011-CO 2020-03-11 06:54 AM;BPI-011-CO 2020-03-11 07:11 AM;BPI-011-CO 2020-08-26 05:56 AM;BPI-011-CO 2020-09-03 09:08 AM;BPI-011-CO 2020-09-30 06:45 AM;BPI-011-CO 2020-09-30 07:05 AM;BPI-011-CO 2021-03-16 07:35 AM;BPI-011-CO 2021-03-16 07:52 AM;NA;NA;BPI-011-CO 2021-09-16 07:19 AM;BPI-011-CO 2021-09-16 07:35 AM;BPI-011-CO 2021-09-16 07:48 AM;NA
12;BPI-012-CO 2019-07-26 05:43 AM;BPI-012-CO 2019-07-26 07:14 AM;BPI-012-CO 2019-07-30 06:19 AM;BPI-012-CO 2019-07-30 06:31 AM;BPI-012-CO 2020-03-04 07:04 AM;BPI-012-CO 2020-03-04 07:22 AM;BPI-012-CO 2020-03-05 07:42 AM;BPI-012-CO 2020-03-05 08:39 AM;BPI-012-CO 2020-08-20 07:40 AM;NA;BPI-012-CO 2020-09-26 07:54 AM;BPI-012-CO 2020-09-26 08:10 AM;BPI-012-CO 2021-02-08 06:50 AM;BPI-012-CO 2021-02-08 07:07 AM;BPI-012-CO 2021-02-08 07:23 AM;BPI-012-CO 2021-03-09 07:43 AM;BPI-012-CO 2021-07-29 08:50 AM;BPI-012-CO 2021-08-23 08:56 AM;BPI-012-CO 2021-08-23 09:13 AM;BPI-012-CO 2021-09-09 06:56 AM
13;BPI-013-CO 2019-07-26 05:55 AM;BPI-013-CO 2019-07-26 06:18 AM;BPI-013-CO 2019-07-30 06:53 AM;BPI-013-CO 2019-07-30 07:04 AM;BPI-013-CO 2020-03-04 06:21 AM;BPI-013-CO 2020-03-04 06:40 AM;BPI-013-CO 2020-03-05 08:01 AM;BPI-013-CO 2020-03-05 08:18 AM;BPI-013-CO 2020-08-20 07:04 AM;NA;BPI-013-CO 2020-09-26 07:20 AM;BPI-013-CO 2020-09-26 07:38 AM;BPI-013-CO 2021-02-08 06:45 AM;BPI-013-CO 2021-02-08 07:11 AM;BPI-013-CO 2021-02-08 07:43 AM;BPI-013-CO 2021-03-09 08:06 AM;BPI-013-CO 2021-07-29 08:30 AM;BPI-013-CO 2021-08-23 08:37 AM;BPI-013-CO 2021-08-23 08:55 AM;BPI-013-CO 2021-09-09 07:14 AM
14;BPI-014-CO 2019-07-31 06:16 AM;BPI-014-CO 2019-07-31 06:26 AM;BPI-014-CO 2019-08-01 07:16 AM;BPI-014-CO 2019-08-01 07:27 AM;BPI-014-CO 2020-01-21 07:42 AM;BPI-014-CO 2020-01-21 08:00 AM;BPI-014-CO 2020-01-23 07:17 AM;NA;BPI-014-CO 2020-08-13 06:45 AM;BPI-014-CO 2020-08-13 07:25 AM;BPI-014-CO 2020-09-10 07:52 AM;NA;BPI-014-CO 2021-02-12 07:49 AM;BPI-014-CO 2021-02-15 07:42 AM;BPI-014-CO 2021-02-15 08:55 AM;BPI-014-CO 2021-03-09 08:17 AM;BPI-014-CO 2021-07-19 06:15 AM;BPI-014-CO 2021-07-19 06:55 AM;BPI-014-CO 2021-07-19 07:50 AM;BPI-014-CO 2021-08-16 06:07 AM
15;BPI-015-CO 2019-07-31 07:55 AM;BPI-015-CO 2019-07-31 08:07 AM;BPI-015-CO 2019-08-01 06:04 AM;BPI-015-CO 2019-08-01 06:15 AM;BPI-015-CO 2020-01-21 09:05 AM;BPI-015-CO 2020-01-21 09:20 AM;BPI-015-CO 2020-01-23 06:35 AM;NA;BPI-015-CO 2020-08-13 05:51 AM;BPI-015-CO 2020-08-13 06:25 AM;BPI-015-CO 2020-09-10 07:06 AM;BPI-015-CO 2020-09-10 08:09 AM;BPI-015-CO 2021-02-15 06:46 AM;BPI-015-CO 2021-02-15 07:07 AM;BPI-015-CO 2021-02-15 09:27 AM;BPI-015-CO 2021-03-09 07:30 AM;BPI-015-CO 2021-07-19 06:05 AM;BPI-015-CO 2021-07-19 07:41 AM;BPI-015-CO 2021-07-19 09:05 AM;BPI-015-CO 2021-08-16 09:08 AM
16;BPI-016-CO 2019-08-02 07:35 AM;BPI-016-CO 2019-08-02 07:46 AM;BPI-016-CO 2019-08-03 07:29 AM;BPI-016-CO 2019-08-03 07:40 AM;BPI-016-CO 2020-01-21 06:38 AM;BPI-016-CO 2020-01-21 07:01 AM;BPI-016-CO 2020-01-23 08:35 AM;BPI-016-CO 2020-01-23 08:51 AM;BPI-016-CO 2020-08-13 07:46 AM;BPI-016-CO 2020-08-13 08:25 AM;BPI-016-CO 2020-09-10 09:17 AM;NA;BPI-016-CO 2021-02-12 07:43 AM;BPI-016-CO 2021-02-15 07:50 AM;BPI-016-CO 2021-02-15 08:52 AM;BPI-016-CO 2021-03-09 09:25 AM;BPI-016-CO 2021-07-19 06:59 AM;BPI-016-CO 2021-07-19 07:34 AM;BPI-016-CO 2021-07-19 07:52 AM;BPI-016-CO 2021-08-16 06:54 AM
17;BPI-017-CO 2019-08-02 09:05 AM;BPI-017-CO 2019-08-02 09:13 AM;BPI-017-CO 2019-08-03 05:45 AM;BPI-017-CO 2019-08-03 05:58 AM;BPI-017-CO 2020-01-21 06:36 AM;BPI-017-CO 2020-01-21 06:53 AM;BPI-017-CO 2020-01-23 07:59 AM;BPI-017-CO 2020-01-23 08:16 AM;BPI-017-CO 2020-08-13 08:04 AM;BPI-017-CO 2020-08-13 08:31 AM;BPI-017-CO 2020-09-10 08:54 AM;NA;BPI-017-CO 2021-02-15 07:51 AM;BPI-017-CO 2021-02-15 08:13 AM;BPI-017-CO 2021-02-15 08:25 AM;BPI-017-CO 2021-03-09 09:47 AM;BPI-017-CO 2021-07-19 07:22 AM;BPI-017-CO 2021-07-19 08:08 AM;BPI-017-CO 2021-07-19 08:24 AM;BPI-017-CO 2021-08-16 07:21 AM
18;BPI-018-CO 2019-09-03 05:57 AM;BPI-018-CO 2019-09-03 06:11 AM;BPI-018-CO 2019-09-04 07:47 AM;BPI-018-CO 2019-09-04 08:03 AM;BPI-018-CO 2020-01-31 07:51 AM;BPI-018-CO 2020-01-31 08:11 AM;NA;NA;BPI-018-CO 2020-08-13 09:20 AM;BPI-018-CO 2020-08-31 09:15 AM;BPI-018-CO 2020-09-29 06:00 AM;BPI-018-CO 2020-09-29 08:26 AM;BPI-018-CO 2021-02-16 06:58 AM;BPI-018-CO 2021-03-10 06:50 AM;BPI-018-CO 2021-03-10 08:37 AM;BPI-018-CO 2021-03-10 08:51 AM;BPI-018-CO 2021-07-21 07:55 AM;BPI-018-CO 2021-07-21 08:10 AM;NA;NA
19;BPI-019-CO 2019-09-03 05:49 AM;BPI-019-CO 2019-09-03 06:16 AM;BPI-019-CO 2019-09-04 07:40 AM;BPI-019-CO 2019-09-04 08:18 AM;BPI-019-CO 2020-01-31 07:06 AM;BPI-019-CO 2020-01-31 07:25 AM;NA;NA;BPI-019-CO 2020-08-13 08:57 AM;BPI-019-CO 2020-08-31 09:46 AM;BPI-019-CO 2020-09-29 05:44 AM;BPI-019-CO 2020-09-29 08:52 AM;BPI-019-CO 2021-02-16 06:29 AM;BPI-019-CO 2021-03-10 06:27 AM;BPI-019-CO 2021-03-10 08:23 AM;BPI-019-CO 2021-03-10 09:05 AM;BPI-019-CO 2021-07-21 07:37 AM;BPI-019-CO 2021-07-21 08:30 AM;NA;NA
20;BPI-020-CO 2019-08-28 07:22 AM;BPI-020-CO 2019-08-28 08:32 AM;BPI-020-CO 2019-08-29 05:53 AM;BPI-020-CO 2019-08-29 06:56 AM;BPI-020-CO 2020-01-24 06:08 AM;BPI-020-CO 2020-01-24 06:27 AM;BPI-020-CO 2020-01-28 06:34 AM;BPI-020-CO 2020-01-28 07:20 AM;BPI-020-CO 2020-08-31 05:54 AM;BPI-020-CO 2020-08-31 07:11 AM;BPI-020-CO 2020-09-29 07:02 AM;BPI-020-CO 2020-09-29 07:20 AM;NA;BPI-020-CO 2021-02-16 08:39 AM;BPI-020-CO 2021-03-10 08:02 AM;BPI-020-CO 2021-03-10 09:04 AM;BPI-020-CO 2021-07-21 06:11 AM;BPI-020-CO 2021-07-21 06:32 AM;NA;NA
21;BPI-021-CO 2019-08-28 07:29 AM;BPI-021-CO 2019-08-28 07:44 AM;BPI-021-CO 2019-08-29 06:15 AM;BPI-021-CO 2019-08-29 06:35 AM;BPI-021-CO 2020-01-24 06:50 AM;BPI-021-CO 2020-01-24 07:24 AM;BPI-021-CO 2020-01-28 06:26 AM;BPI-021-CO 2020-01-28 06:55 AM;BPI-021-CO 2020-08-31 06:15 AM;BPI-021-CO 2020-08-31 07:44 AM;BPI-021-CO 2020-09-29 06:30 AM;BPI-021-CO 2020-09-29 07:06 AM;BPI-021-CO 2021-02-16 07:31 AM;BPI-021-CO 2021-02-16 08:59 AM;BPI-021-CO 2021-03-10 07:30 AM;BPI-021-CO 2021-03-10 08:09 AM;BPI-021-CO 2021-07-21 06:47 AM;BPI-021-CO 2021-07-21 07:29 AM;NA;NA
22;BPI-022-CO 2019-08-28 07:48 AM;BPI-022-CO 2019-08-28 08:12 AM;BPI-022-CO 2019-08-29 06:11 AM;BPI-022-CO 2019-08-29 06:35 AM;BPI-022-CO 2020-01-24 07:06 AM;BPI-022-CO 2020-01-24 07:40 AM;BPI-022-CO 2020-01-28 06:43 AM;BPI-022-CO 2020-01-28 07:12 AM;BPI-022-CO 2020-08-31 06:36 AM;BPI-022-CO 2020-08-31 08:11 AM;BPI-022-CO 2020-09-29 07:38 AM;BPI-022-CO 2020-09-29 08:10 AM;BPI-022-CO 2021-02-16 07:51 AM;BPI-022-CO 2021-02-16 09:52 AM;BPI-022-CO 2021-03-10 07:09 AM;BPI-022-CO 2021-03-10 08:22 AM;BPI-022-CO 2021-07-21 07:13 AM;BPI-022-CO 2021-07-21 07:17 AM;NA;NA
23;BPI-023-CO 2019-08-28 08:10 AM;BPI-023-CO 2019-08-28 08:41 AM;BPI-023-CO 2019-08-29 05:49 AM;BPI-023-CO 2019-08-29 06:54 AM;BPI-023-CO 2020-01-24 08:02 AM;BPI-023-CO 2020-01-24 08:16 AM;BPI-023-CO 2020-01-28 06:16 AM;BPI-023-CO 2020-01-28 07:02 AM;BPI-023-CO 2020-08-31 07:02 AM;BPI-023-CO 2020-08-31 08:34 AM;BPI-023-CO 2020-09-29 07:39 AM;BPI-023-CO 2020-09-29 07:56 AM;BPI-023-CO 2021-02-16 08:14 AM;BPI-023-CO 2021-03-10 06:43 AM;BPI-023-CO 2021-03-10 07:17 AM;BPI-023-CO 2021-03-10 08:47 AM;BPI-023-CO 2021-07-21 05:55 AM;BPI-023-CO 2021-07-21 06:57 AM;NA;NA
24;BPI-024-CO 2019-08-28 06:19 AM;BPI-024-CO 2019-08-28 06:41 AM;BPI-024-CO 2019-08-29 07:30 AM;BPI-024-CO 2019-08-29 07:52 AM;BPI-024-CO 2020-01-28 07:48 AM;BPI-024-CO 2020-01-28 08:04 AM;BPI-024-CO 2020-01-29 06:19 AM;BPI-024-CO 2020-01-29 06:51 AM;BPI-024-CO 2020-08-31 06:15 AM;BPI-024-CO 2020-08-31 07:57 AM;BPI-024-CO 2020-09-29 06:08 AM;BPI-024-CO 2020-09-29 09:10 AM;BPI-024-CO 2021-02-16 06:44 AM;BPI-024-CO 2021-02-16 07:43 AM;BPI-024-CO 2021-03-10 05:47 AM;BPI-024-CO 2021-03-10 09:47 AM;BPI-024-CO 2021-07-21 06:23 AM;BPI-024-CO 2021-07-21 07:56 AM;NA;NA
25;BPI-025-CO 2019-08-28 05:57 AM;BPI-025-CO 2019-08-28 06:18 AM;BPI-025-CO 2019-08-29 07:52 AM;BPI-025-CO 2019-08-29 08:09 AM;BPI-025-CO 2020-01-28 08:06 AM;BPI-025-CO 2020-01-28 08:24 AM;BPI-025-CO 2020-01-29 06:18 AM;BPI-025-CO 2020-01-29 06:36 AM;BPI-025-CO 2020-08-31 06:38 AM;BPI-025-CO 2020-08-31 07:41 AM;BPI-025-CO 2020-09-29 05:50 AM;BPI-025-CO 2020-09-29 08:55 AM;BPI-025-CO 2021-02-16 06:23 AM;BPI-025-CO 2021-02-16 08:06 AM;BPI-025-CO 2021-03-10 06:04 AM;BPI-025-CO 2021-03-10 09:36 AM;BPI-025-CO 2021-07-21 06:06 AM;BPI-025-CO 2021-07-21 08:07 AM;NA;NA
26;BPI-026-CO 2019-08-28 05:51 AM;BPI-026-CO 2019-08-28 06:35 AM;BPI-026-CO 2019-08-29 07:30 AM;BPI-026-CO 2019-08-29 08:07 AM;BPI-026-CO 2020-01-28 07:45 AM;BPI-026-CO 2020-01-28 08:28 AM;BPI-026-CO 2020-01-29 06:35 AM;BPI-026-CO 2020-01-29 06:54 AM;BPI-026-CO 2020-08-31 05:56 AM;BPI-026-CO 2020-08-31 07:24 AM;BPI-026-CO 2020-09-29 06:29 AM;BPI-026-CO 2020-09-29 08:40 AM;BPI-026-CO 2021-02-16 06:04 AM;BPI-026-CO 2021-02-16 08:25 AM;BPI-026-CO 2021-03-10 06:20 AM;BPI-026-CO 2021-03-10 09:22 AM;BPI-026-CO 2021-07-21 05:53 AM;BPI-026-CO 2021-07-21 08:24 AM;NA;NA
27;BPI-027-CO 2019-09-17 08:15 AM;BPI-027-CO 2019-09-17 08:31 AM;BPI-027-CO 2019-09-20 06:11 AM;BPI-027-CO 2019-09-20 06:28 AM;NA;NA;NA;NA;BPI-027-CO 2020-08-28 07:08 AM;BPI-027-CO 2020-08-28 07:30 AM;BPI-027-CO 2020-09-23 06:22 AM;BPI-027-CO 2020-09-23 06:45 AM;BPI-027-CO 2021-02-26 06:26 AM;BPI-027-CO 2021-02-26 07:43 AM;BPI-027-CO 2021-03-24 08:09 AM;BPI-027-CO 2021-03-24 08:41 AM;BPI-027-CO 2021-08-05 08:17 AM;BPI-027-CO 2021-08-05 08:38 AM;NA;BPI-027-CO 2021-09-24 08:29 AM
28;BPI-028-CO 2019-09-17 08:50 AM;BPI-028-CO 2019-09-17 09:04 AM;BPI-028-CO 2019-09-20 06:54 AM;BPI-028-CO 2019-09-20 07:08 AM;NA;NA;NA;NA;BPI-028-CO 2020-08-28 07:14 AM;BPI-028-CO 2020-08-28 07:55 AM;BPI-028-CO 2020-09-22 05:46 AM;BPI-028-CO 2020-09-23 05:59 AM;BPI-028-CO 2021-02-26 06:57 AM;BPI-028-CO 2021-02-26 08:09 AM;BPI-028-CO 2021-03-24 07:38 AM;BPI-028-CO 2021-03-24 08:19 AM;BPI-028-CO 2021-08-05 08:02 AM;BPI-028-CO 2021-08-05 08:41 AM;NA;BPI-028-CO 2021-09-24 08:04 AM
29;BPI-029-CO 2019-09-17 09:23 AM;BPI-029-CO 2019-09-17 09:37 AM;BPI-029-CO 2019-09-20 07:33 AM;BPI-029-CO 2019-09-20 07:48 AM;NA;NA;NA;NA;BPI-029-CO 2020-09-02 05:55 AM;BPI-029-CO 2020-09-02 06:46 AM;BPI-029-CO 2020-09-17 07:17 AM;BPI-029-CO 2020-09-17 07:36 AM;BPI-029-CO 2020-09-17 07:36 AM;BPI-029-CO 2021-02-24 06:30 AM;BPI-029-CO 2021-02-24 09:04 AM;BPI-029-CO 2021-02-24 09:53 AM;BPI-029-CO 2021-08-04 08:09 AM;BPI-029-CO 2021-08-04 08:55 AM;BPI-029-CO 2021-08-04 09:11 AM;BPI-029-CO 2021-09-13 06:07 AM
30;BPI-030-CO 2019-08-23 07:16 AM;BPI-030-CO 2019-08-23 09:10 AM;BPI-030-CO 2019-08-27 06:08 AM;BPI-030-CO 2019-08-27 07:47 AM;NA;NA;NA;NA;BPI-030-CO 2020-09-02 07:08 AM;BPI-030-CO 2020-09-02 07:52 AM;BPI-030-CO 2020-09-17 05:37 AM;BPI-030-CO 2020-09-17 08:01 AM;BPI-030-CO 2021-02-24 08:15 AM;BPI-030-CO 2021-02-24 08:39 AM;BPI-030-CO 2021-02-24 09:08 AM;BPI-030-CO 2021-03-27 08:56 AM;BPI-030-CO 2021-08-04 06:09 AM;BPI-030-CO 2021-08-04 07:45 AM;BPI-030-CO 2021-08-04 08:35 AM;BPI-030-CO 2021-09-13 08:43 AM
31;BPI-031-CO 2019-08-23 07:50 AM;BPI-031-CO 2019-08-23 09:28 AM;BPI-031-CO 2019-08-27 05:43 AM;BPI-031-CO 2019-08-27 07:25 AM;NA;NA;NA;NA;BPI-031-CO 2020-09-02 07:35 AM;BPI-031-CO 2020-09-02 08:11 AM;BPI-031-CO 2020-09-17 07:04 AM;BPI-031-CO 2020-09-17 08:30 AM;BPI-031-CO 2021-02-24 07:50 AM;BPI-031-CO 2021-02-24 08:14 AM;BPI-031-CO 2021-02-24 08:43 AM;BPI-031-CO 2021-03-27 06:47 AM;BPI-031-CO 2021-08-04 05:52 AM;BPI-031-CO 2021-08-04 07:53 AM;BPI-031-CO 2021-08-04 08:14 AM;BPI-031-CO 2021-09-13 08:25 AM
32;BPI-032-CO 2019-08-23 06:59 AM;BPI-032-CO 2019-08-23 08:15 AM;BPI-032-CO 2019-08-27 06:57 AM;BPI-032-CO 2019-08-27 07:50 AM;NA;NA;NA;NA;BPI-032-CO 2020-09-02 05:54 AM;BPI-032-CO 2020-09-02 08:10 AM;BPI-032-CO 2020-09-17 06:06 AM;BPI-032-CO 2020-09-17 09:05 AM;BPI-032-CO 2021-02-24 06:12 AM;BPI-032-CO 2021-02-24 07:00 AM;BPI-032-CO 2021-02-24 08:13 AM;BPI-032-CO 2021-03-27 07:17 AM;BPI-032-CO 2021-08-04 06:12 AM;BPI-032-CO 2021-08-04 06:59 AM;BPI-032-CO 2021-08-04 07:28 AM;BPI-032-CO 2021-09-13 07:43 AM
33;BPI-033-CO 2019-08-23 06:53 AM;BPI-033-CO 2019-08-23 08:41 AM;BPI-033-CO 2019-08-27 06:34 AM;BPI-033-CO 2019-08-27 08:11 AM;NA;NA;NA;NA;BPI-033-CO 2020-09-02 06:19 AM;BPI-033-CO 2020-09-02 07:06 AM;BPI-033-CO 2020-09-17 07:34 AM;BPI-033-CO 2020-09-22 06:34 AM;BPI-033-CO 2021-02-24 06:57 AM;BPI-033-CO 2021-02-24 07:35 AM;BPI-033-CO 2021-02-24 08:46 AM;BPI-033-CO 2021-03-27 08:37 AM;BPI-033-CO 2021-08-04 06:14 AM;BPI-033-CO 2021-08-04 06:33 AM;BPI-033-CO 2021-08-04 07:26 AM;BPI-033-CO 2021-09-13 06:28 AM
34;BPI-034-CO 2019-08-23 07:36 AM;BPI-034-CO 2019-08-23 08:50 AM;BPI-034-CO 2019-08-27 06:05 AM;BPI-034-CO 2019-08-27 07:04 AM;NA;NA;NA;NA;BPI-034-CO 2020-09-02 06:42 AM;BPI-034-CO 2020-09-02 09:13 AM;BPI-034-CO 2020-09-17 07:57 AM;BPI-034-CO 2020-09-22 06:59 AM;BPI-034-CO 2021-02-24 07:00 AM;BPI-034-CO 2021-02-24 07:33 AM;BPI-034-CO 2021-02-24 09:07 AM;BPI-034-CO 2021-03-27 08:13 AM;BPI-034-CO 2021-08-04 06:44 AM;BPI-034-CO 2021-08-04 07:04 AM;BPI-034-CO 2021-08-04 07:44 AM;BPI-034-CO 2021-09-13 06:53 AM
35;BPI-035-CO 2019-08-23 08:00 AM;BPI-035-CO 2019-08-23 09:14 AM;BPI-035-CO 2019-08-27 06:36 AM;BPI-035-CO 2019-08-27 07:31 AM;NA;NA;NA;NA;BPI-035-CO 2020-09-02 06:16 AM;BPI-035-CO 2020-09-02 08:37 AM;BPI-035-CO 2020-09-17 06:30 AM;BPI-035-CO 2020-09-22 06:08 AM;BPI-035-CO 2021-02-24 06:29 AM;BPI-035-CO 2021-02-24 07:19 AM;BPI-035-CO 2021-02-24 07:53 AM;BPI-035-CO 2021-03-27 07:45 AM;BPI-035-CO 2021-08-04 06:29 AM;BPI-035-CO 2021-08-04 07:09 AM;BPI-035-CO 2021-08-04 07:24 AM;BPI-035-CO 2021-09-13 07:17 AM
36;BPI-036-CO 2019-08-21 07:21 AM;BPI-036-CO 2019-08-21 07:49 AM;BPI-036-CO 2019-08-22 06:00 AM;BPI-036-CO 2019-08-22 06:19 AM;BPI-036-CO 2020-03-02 06:02 AM;BPI-036-CO 2020-03-02 06:40 AM;BPI-036-CO 2020-03-03 08:10 AM;BPI-036-CO 2020-03-03 09:05 AM;BPI-036-CO 2020-08-19 06:38 AM;BPI-036-CO 2020-08-19 07:01 AM;BPI-036-CO 2020-09-16 08:40 AM;BPI-036-CO 2020-09-16 08:57 AM;BPI-036-CO 2021-03-06 06:13 AM;BPI-036-CO 2021-03-11 06:33 AM;BPI-036-CO 2021-03-11 07:28 AM;BPI-036-CO 2021-03-11 09:13 AM;BPI-036-CO 2021-07-22 05:57 AM;BPI-036-CO 2021-07-22 07:17 AM;BPI-036-CO 2021-07-22 08:30 AM;NA
37;BPI-037-CO 2019-08-21 07:22 AM;BPI-037-CO 2019-08-21 07:41 AM;BPI-037-CO 2019-08-22 05:55 AM;BPI-037-CO 2019-08-22 06:22 AM;BPI-037-CO 2020-03-02 06:22 AM;BPI-037-CO 2020-03-02 06:58 AM;BPI-037-CO 2020-03-03 08:28 AM;BPI-037-CO 2020-03-03 08:46 AM;BPI-037-CO 2020-08-19 06:37 AM;BPI-037-CO 2020-08-19 07:01 AM;BPI-037-CO 2020-09-16 07:56 AM;BPI-037-CO 2020-09-16 08:13 AM;BPI-037-CO 2021-03-06 06:35 AM;BPI-037-CO 2021-03-11 06:54 AM;BPI-037-CO 2021-03-11 07:55 AM;BPI-037-CO 2021-03-11 08:34 AM;BPI-037-CO 2021-07-22 06:15 AM;BPI-037-CO 2021-07-22 06:57 AM;BPI-037-CO 2021-07-22 08:05 AM;NA
38;BPI-038-CO 2019-09-11 06:00 AM;BPI-038-CO 2019-09-11 06:18 AM;BPI-038-CO 2019-09-12 07:00 AM;BPI-038-CO 2019-09-12 07:18 AM;BPI-038-CO 2020-03-17 06:27 AM;BPI-038-CO 2020-03-19 08:36 AM;NA;NA;BPI-038-CO 2020-08-25 08:19 AM;BPI-038-CO 2020-08-25 08:42 AM;BPI-038-CO 2020-09-09 08:35 AM;BPI-038-CO 2020-09-09 08:52 AM;BPI-038-CO 2021-02-25 07:12 AM;BPI-038-CO 2021-02-25 08:36 AM;BPI-038-CO 2021-03-26 09:59 AM;BPI-038-CO 2021-03-26 10:10 AM;BPI-038-CO 2021-08-03 08:07 AM;BPI-038-CO 2021-08-03 08:27 AM;NA;NA
39;BPI-039-CO 2019-09-11 05:53 AM;BPI-039-CO 2019-09-11 06:11 AM;BPI-039-CO 2019-09-12 08:14 AM;BPI-039-CO 2019-09-12 08:30 AM;BPI-039-CO 2020-03-17 06:04 AM;BPI-039-CO 2020-03-19 09:08 AM;NA;NA;BPI-039-CO 2020-08-25 08:58 AM;BPI-039-CO 2020-08-25 09:13 AM;BPI-039-CO 2020-09-01 08:06 AM;BPI-039-CO 2020-09-09 07:24 AM;BPI-039-CO 2021-02-25 06:34 AM;BPI-039-CO 2021-02-25 09:07 AM;NA;NA;BPI-039-CO 2021-08-03 05:55 AM;BPI-039-CO 2021-08-03 08:27 AM;NA;NA
40;BPI-040-CO 2019-09-11 07:22 AM;BPI-040-CO 2019-09-11 07:31 AM;BPI-040-CO 2019-09-12 06:00 AM;BPI-040-CO 2019-09-12 06:17 AM;NA;NA;NA;NA;BPI-040-CO 2020-09-01 06:12 AM;BPI-040-CO 2020-09-01 07:32 AM;BPI-040-CO 2020-09-24 06:29 AM;BPI-040-CO 2020-09-24 06:45 AM;BPI-040-CO 2021-02-25 06:40 AM;BPI-040-CO 2021-03-02 08:42 AM;BPI-040-CO 2021-03-26 09:18 AM;NA;BPI-040-CO 2021-08-03 06:06 AM;BPI-040-CO 2021-08-03 07:43 AM;BPI-040-CO 2021-09-10 08:50 AM;BPI-040-CO 2021-09-15 07:50 AM
41;BPI-041-CO 2019-09-11 07:02 AM;BPI-041-CO 2019-09-11 07:42 AM;BPI-041-CO 2019-09-12 05:54 AM;BPI-041-CO 2019-09-12 06:22 AM;NA;NA;NA;NA;BPI-041-CO 2020-09-01 05:49 AM;BPI-041-CO 2020-09-01 07:13 AM;BPI-041-CO 2020-09-24 06:10 AM;BPI-041-CO 2020-09-24 07:05 AM;BPI-041-CO 2021-02-25 06:17 AM;BPI-041-CO 2021-03-02 09:04 AM;BPI-041-CO 2021-03-26 08:48 AM;NA;BPI-041-CO 2021-08-03 06:25 AM;BPI-041-CO 2021-08-03 07:56 AM;BPI-041-CO 2021-09-10 08:22 AM;BPI-041-CO 2021-09-15 07:31 AM
42;BPI-042-CO 2019-08-30 06:20 AM;BPI-042-CO 2019-08-30 06:47 AM;BPI-042-CO 2019-08-30 07:38 AM;BPI-042-CO 2019-08-30 08:05 AM;BPI-042-CO 2020-02-18 08:29 AM;BPI-042-CO 2020-02-18 08:48 AM;BPI-042-CO 2020-02-19 06:57 AM;BPI-042-CO 2020-02-19 07:16 AM;BPI-042-CO 2020-08-10 07:38 AM;BPI-042-CO 2020-08-10 08:06 AM;BPI-042-CO 2020-09-07 07:58 AM;BPI-042-CO 2020-09-07 08:34 AM;BPI-042-CO 2021-02-10 07:12 AM;BPI-042-CO 2021-02-10 08:08 AM;BPI-042-CO 2021-02-10 09:05 AM;BPI-042-CO 2021-02-23 08:28 AM;BPI-042-CO 2021-08-12 08:29 AM;BPI-042-CO 2021-08-27 07:05 AM;BPI-042-CO 2021-08-27 07:25 AM;BPI-042-CO 2021-09-14 09:04 AM
43;BPI-043-CO 2019-08-30 05:57 AM;BPI-043-CO 2019-08-30 06:14 AM;BPI-043-CO 2019-08-30 07:14 AM;BPI-043-CO 2019-08-30 07:39 AM;BPI-043-CO 2020-02-18 08:04 AM;BPI-043-CO 2020-02-18 09:08 AM;BPI-043-CO 2020-02-19 06:31 AM;BPI-043-CO 2020-02-19 07:37 AM;BPI-043-CO 2020-08-10 07:17 AM;BPI-043-CO 2020-08-10 07:35 AM;BPI-043-CO 2020-09-07 07:16 AM;BPI-043-CO 2020-09-07 08:58 AM;BPI-043-CO 2021-02-10 06:53 AM;BPI-043-CO 2021-02-10 08:47 AM;BPI-043-CO 2021-02-10 09:24 AM;BPI-043-CO 2021-02-23 08:07 AM;BPI-043-CO 2021-08-12 07:58 AM;BPI-043-CO 2021-08-27 06:37 AM;BPI-043-CO 2021-08-27 07:52 AM;BPI-043-CO 2021-09-14 08:43 AM
44;BPI-044-CO 2019-08-30 05:49 AM;BPI-044-CO 2019-08-30 06:58 AM;BPI-044-CO 2019-08-30 07:23 AM;BPI-044-CO 2019-08-30 08:11 AM;BPI-044-CO 2020-02-18 07:31 AM;BPI-044-CO 2020-02-18 07:48 AM;BPI-044-CO 2020-02-19 06:14 AM;BPI-044-CO 2020-02-19 07:53 AM;BPI-044-CO 2020-08-10 07:14 AM;BPI-044-CO 2020-08-10 08:02 AM;BPI-044-CO 2020-09-07 06:53 AM;BPI-044-CO 2020-09-07 09:24 AM;BPI-044-CO 2021-02-10 06:37 AM;BPI-044-CO 2021-02-10 08:28 AM;BPI-044-CO 2021-02-10 09:03 AM;BPI-044-CO 2021-02-23 07:35 AM;BPI-044-CO 2021-08-12 07:39 AM;BPI-044-CO 2021-08-27 06:20 AM;BPI-044-CO 2021-08-27 08:23 AM;BPI-044-CO 2021-09-14 08:19 AM
45;BPI-045-CO 2019-09-03 07:44 AM;BPI-045-CO 2019-09-03 08:14 AM;BPI-045-CO 2019-09-04 05:41 AM;BPI-045-CO 2019-09-04 06:08 AM;BPI-045-CO 2020-03-10 06:23 AM;BPI-045-CO 2020-03-10 06:41 AM;BPI-045-CO 2020-03-13 08:05 AM;BPI-045-CO 2020-03-13 08:20 AM;BPI-045-CO 2020-08-28 06:34 AM;BPI-045-CO 2020-09-02 08:38 AM;BPI-045-CO 2020-09-17 06:49 AM;BPI-045-CO 2020-09-17 08:56 AM;NA;NA;NA;BPI-045-CO 2021-03-24 06:59 AM;BPI-045-CO 2021-08-05 06:00 AM;BPI-045-CO 2021-08-05 09:19 AM;NA;NA
46;BPI-046-CO 2019-10-08 08:26 AM;BPI-046-CO 2019-10-08 08:56 AM;BPI-046-CO 2019-10-09 06:08 AM;BPI-046-CO 2019-10-09 06:46 AM;BPI-046-CO 2020-02-09 09:12 AM;BPI-046-CO 2020-02-09 09:27 AM;BPI-046-CO 2020-02-11 06:14 AM;BPI-046-CO 2020-02-11 09:34 AM;BPI-046-CO 2020-08-25 06:53 AM;BPI-046-CO 2020-08-25 07:33 AM;BPI-046-CO 2020-09-07 08:28 AM;BPI-046-CO 2020-09-07 08:51 AM;BPI-046-CO 2021-02-10 06:37 AM;BPI-046-CO 2021-02-10 09:01 AM;BPI-046-CO 2021-02-10 10:09 AM;BPI-046-CO 2021-03-02 07:20 AM;BPI-046-CO 2021-07-26 08:18 AM;BPI-046-CO 2021-08-02 06:06 AM;BPI-046-CO 2021-08-02 06:29 AM;BPI-046-CO 2021-08-02 09:07 AM
47;BPI-047-CO 2019-09-03 07:50 AM;BPI-047-CO 2019-09-03 08:04 AM;BPI-047-CO 2019-09-04 05:43 AM;BPI-047-CO 2019-09-04 06:05 AM;BPI-047-CO 2020-03-10 06:22 AM;BPI-047-CO 2020-03-10 06:39 AM;BPI-047-CO 2020-03-13 08:41 AM;BPI-047-CO 2020-03-13 08:57 AM;BPI-047-CO 2020-08-28 06:11 AM;BPI-047-CO 2020-09-02 09:02 AM;BPI-047-CO 2020-09-17 06:24 AM;BPI-047-CO 2020-09-17 08:37 AM;NA;NA;NA;BPI-047-CO 2021-03-24 06:21 AM;BPI-047-CO 2021-08-05 06:19 AM;BPI-047-CO 2021-08-05 09:36 AM;NA;NA
48;BPI-048-CO 2019-08-21 05:56 AM;BPI-048-CO 2019-08-21 06:11 AM;BPI-048-CO 2019-08-22 07:40 AM;BPI-048-CO 2019-08-22 07:56 AM;BPI-048-CO 2020-03-02 08:12 AM;BPI-048-CO 2020-03-02 08:30 AM;BPI-048-CO 2020-03-03 06:21 AM;BPI-048-CO 2020-03-03 06:38 AM;BPI-048-CO 2020-08-21 09:27 AM;NA;BPI-048-CO 2020-09-16 06:22 AM;BPI-048-CO 2020-09-16 06:40 AM;BPI-048-CO 2021-03-06 08:32 AM;BPI-048-CO 2021-03-11 06:58 AM;BPI-048-CO 2021-03-11 08:15 AM;BPI-048-CO 2021-03-11 09:41 AM;BPI-048-CO 2021-07-22 06:36 AM;BPI-048-CO 2021-07-22 07:47 AM;BPI-048-CO 2021-07-22 08:44 AM;NA
49;BPI-049-CO 2019-08-21 05:47 AM;BPI-049-CO 2019-08-21 06:18 AM;BPI-049-CO 2019-08-22 07:32 AM;BPI-049-CO 2019-08-22 08:07 AM;BPI-049-CO 2020-03-02 07:53 AM;BPI-049-CO 2020-03-02 08:52 AM;BPI-049-CO 2020-03-03 06:00 AM;BPI-049-CO 2020-03-03 06:59 AM;BPI-049-CO 2020-08-21 09:20 AM;NA;BPI-049-CO 2020-09-16 06:05 AM;BPI-049-CO 2020-09-16 07:00 AM;BPI-049-CO 2021-03-06 08:11 AM;BPI-049-CO 2021-03-11 06:33 AM;BPI-049-CO 2021-03-11 07:43 AM;BPI-049-CO 2021-03-11 09:20 AM;BPI-049-CO 2021-07-22 06:17 AM;BPI-049-CO 2021-07-22 07:29 AM;BPI-049-CO 2021-07-22 08:23 AM;NA
50;BPI-050-CO 2019-08-22 08:41 AM;BPI-050-CO 2019-08-22 09:02 AM;BPI-050-CO 2019-08-23 05:39 AM;BPI-050-CO 2019-08-23 05:56 AM;BPI-050-CO 2020-02-07 05:54 AM;BPI-050-CO 2020-02-07 08:48 AM;BPI-050-CO 2020-03-02 07:30 AM;BPI-050-CO 2020-03-03 07:23 AM;BPI-050-CO 2020-08-19 05:50 AM;BPI-050-CO 2020-08-19 06:03 AM;BPI-050-CO 2020-09-16 07:20 AM;BPI-050-CO 2020-09-16 09:33 AM;BPI-050-CO 2021-03-06 07:46 AM;BPI-050-CO 2021-03-11 06:28 AM;BPI-050-CO 2021-03-11 07:49 AM;BPI-050-CO 2021-03-11 09:07 AM;BPI-050-CO 2021-07-22 06:09 AM;BPI-050-CO 2021-07-22 07:04 AM;BPI-050-CO 2021-07-22 07:20 AM;BPI-050-CO 2021-08-27 08:08 AM
51;BPI-051-CO 2019-08-22 08:43 AM;BPI-051-CO 2019-08-22 09:01 AM;BPI-051-CO 2019-08-23 05:35 AM;BPI-051-CO 2019-08-23 05:58 AM;BPI-051-CO 2020-02-07 06:10 AM;BPI-051-CO 2020-02-07 08:33 AM;BPI-051-CO 2020-03-02 07:16 AM;BPI-051-CO 2020-03-03 07:38 AM;BPI-051-CO 2020-08-19 05:44 AM;BPI-051-CO 2020-08-19 06:04 AM;BPI-051-CO 2020-09-16 07:35 AM;BPI-051-CO 2020-09-16 09:18 AM;BPI-051-CO 2021-03-06 07:30 AM;BPI-051-CO 2021-03-11 06:51 AM;BPI-051-CO 2021-03-11 08:10 AM;BPI-051-CO 2021-03-11 09:25 AM;BPI-051-CO 2021-07-22 06:35 AM;BPI-051-CO 2021-07-22 06:49 AM;BPI-051-CO 2021-07-22 07:36 AM;BPI-051-CO 2021-08-27 08:26 AM
52;BPI-052-CO 2019-10-04 06:24 AM;BPI-052-CO 2019-10-04 06:55 AM;BPI-052-CO 2019-10-05 07:49 AM;BPI-052-CO 2019-10-05 08:27 AM;BPI-052-CO 2020-03-07 07:15 AM;BPI-052-CO 2020-03-07 07:42 AM;BPI-052-CO 2020-03-16 06:27 AM;BPI-052-CO 2020-03-16 06:46 AM;BPI-052-CO 2020-08-18 07:40 AM;BPI-052-CO 2020-08-18 08:15 AM;BPI-052-CO 2020-09-28 07:38 AM;BPI-052-CO 2020-09-28 08:00 AM;BPI-052-CO 2021-01-29 08:58 AM;BPI-052-CO 2021-03-29 07:33 AM;BPI-052-CO 2021-04-02 09:02 AM;BPI-052-CO 2021-04-02 09:24 AM;BPI-052-CO 2021-07-29 06:21 AM;BPI-052-CO 2021-08-25 07:00 AM;BPI-052-CO 2021-08-31 08:07 AM;BPI-052-CO 2021-08-31 08:46 AM
53;BPI-053-CO 2019-10-04 06:11 AM;BPI-053-CO 2019-10-04 06:59 AM;BPI-053-CO 2019-10-05 07:44 AM;BPI-053-CO 2019-10-05 08:11 AM;BPI-053-CO 2020-03-07 07:36 AM;BPI-053-CO 2020-03-07 08:10 AM;BPI-053-CO 2020-03-16 06:09 AM;BPI-053-CO 2020-03-16 07:22 AM;BPI-053-CO 2020-08-18 07:54 AM;BPI-053-CO 2020-08-18 08:39 AM;BPI-053-CO 2020-09-28 07:04 AM;BPI-053-CO 2020-09-28 09:10 AM;BPI-053-CO 2021-01-29 08:25 AM;BPI-053-CO 2021-03-29 08:14 AM;BPI-053-CO 2021-04-02 06:51 AM;BPI-053-CO 2021-04-02 07:39 AM;BPI-053-CO 2021-07-29 07:10 AM;BPI-053-CO 2021-08-25 07:22 AM;BPI-053-CO 2021-08-31 08:25 AM;BPI-053-CO 2021-08-31 08:42 AM
54;BPI-054-CO 2019-10-04 05:58 AM;BPI-054-CO 2019-10-04 06:30 AM;BPI-054-CO 2019-10-05 08:03 AM;BPI-054-CO 2019-10-05 08:28 AM;BPI-054-CO 2020-03-07 07:15 AM;BPI-054-CO 2020-03-07 07:55 AM;BPI-054-CO 2020-03-16 07:05 AM;BPI-054-CO 2020-03-16 07:35 AM;BPI-054-CO 2020-08-18 07:36 AM;BPI-054-CO 2020-08-18 08:11 AM;BPI-054-CO 2020-09-28 08:28 AM;BPI-054-CO 2020-09-28 08:50 AM;BPI-054-CO 2021-01-29 08:03 AM;BPI-054-CO 2021-03-29 07:56 AM;BPI-054-CO 2021-04-02 07:41 AM;BPI-054-CO 2021-04-02 08:24 AM;BPI-054-CO 2021-07-29 06:40 AM;BPI-054-CO 2021-08-25 06:36 AM;BPI-054-CO 2021-08-31 08:05 AM;BPI-054-CO 2021-08-31 08:25 AM
55;NA;BPI-055-CO 2019-10-04 07:54 AM;BPI-055-CO 2019-10-05 05:58 AM;BPI-055-CO 2019-10-05 06:17 AM;BPI-055-CO 2020-03-07 08:36 AM;BPI-055-CO 2020-03-07 08:53 AM;BPI-055-CO 2020-03-16 08:23 AM;BPI-055-CO 2020-03-18 06:11 AM;BPI-055-CO 2020-08-18 06:35 AM;BPI-055-CO 2020-08-18 06:56 AM;BPI-055-CO 2020-09-28 06:25 AM;BPI-055-CO 2020-09-28 09:24 AM;BPI-055-CO 2021-02-08 08:44 AM;BPI-055-CO 2021-03-29 08:49 AM;BPI-055-CO 2021-04-06 07:37 AM;BPI-055-CO 2021-04-06 07:52 AM;BPI-055-CO 2021-08-25 09:13 AM;BPI-055-CO 2021-08-25 09:41 AM;BPI-055-CO 2021-08-31 09:46 AM;BPI-055-CO 2021-08-31 10:04 AM
56;BPI-056-CO 2019-09-13 06:03 AM;BPI-056-CO 2019-09-13 07:45 AM;BPI-056-CO 2019-09-16 05:57 AM;BPI-056-CO 2019-09-16 06:50 AM;BPI-056-CO 2020-02-05 06:14 AM;BPI-056-CO 2020-02-05 06:45 AM;BPI-056-CO 2020-02-21 08:41 AM;BPI-056-CO 2020-02-21 09:27 AM;BPI-056-CO 2020-08-17 07:55 AM;BPI-056-CO 2020-08-17 08:17 AM;BPI-056-CO 2020-09-15 05:47 AM;BPI-056-CO 2020-09-15 09:15 AM;BPI-056-CO 2021-02-18 07:09 AM;BPI-056-CO 2021-02-18 08:13 AM;BPI-056-CO 2021-03-23 06:29 AM;BPI-056-CO 2021-03-23 07:45 AM;BPI-056-CO 2021-07-30 06:54 AM;BPI-056-CO 2021-07-31 09:16 AM;BPI-056-CO 2021-09-19 06:48 AM;BPI-056-CO 2021-09-19 09:17 AM
57;BPI-057-CO 2019-09-13 06:25 AM;BPI-057-CO 2019-09-13 08:11 AM;BPI-057-CO 2019-09-16 06:15 AM;BPI-057-CO 2019-09-16 06:32 AM;BPI-057-CO 2020-02-05 06:30 AM;BPI-057-CO 2020-02-05 06:59 AM;BPI-057-CO 2020-02-21 09:00 AM;BPI-057-CO 2020-02-21 09:14 AM;BPI-057-CO 2020-08-17 07:58 AM;BPI-057-CO 2020-08-17 08:19 AM;BPI-057-CO 2020-09-15 06:04 AM;BPI-057-CO 2020-09-15 09:29 AM;BPI-057-CO 2021-02-18 07:27 AM;BPI-057-CO 2021-02-18 08:32 AM;BPI-057-CO 2021-03-23 06:47 AM;BPI-057-CO 2021-03-23 08:02 AM;BPI-057-CO 2021-07-30 07:11 AM;BPI-057-CO 2021-07-31 09:32 AM;BPI-057-CO 2021-09-19 07:05 AM;BPI-057-CO 2021-09-19 09:31 AM
58;BPI-058-CO 2019-09-17 07:19 AM;BPI-058-CO 2019-09-17 07:33 AM;BPI-058-CO 2019-09-20 09:34 AM;BPI-058-CO 2019-09-20 09:44 AM;BPI-058-CO 2020-03-12 07:49 AM;BPI-058-CO 2020-03-12 08:04 AM;BPI-058-CO 2020-03-13 06:09 AM;BPI-058-CO 2020-03-13 07:41 AM;BPI-058-CO 2020-09-01 08:30 AM;BPI-058-CO 2020-09-01 09:12 AM;BPI-058-CO 2020-09-25 08:34 AM;BPI-058-CO 2020-09-25 08:50 AM;BPI-058-CO 2021-03-09 07:56 AM;BPI-058-CO 2021-03-30 09:34 AM;BPI-058-CO 2021-04-01 07:24 AM;BPI-058-CO 2021-04-01 07:45 AM;NA;NA;BPI-058-CO 2021-09-13 06:10 AM;BPI-058-CO 2021-09-13 09:38 AM
59;BPI-059-CO 2019-09-17 05:55 AM;BPI-059-CO 2019-09-17 06:12 AM;BPI-059-CO 2019-09-20 08:55 AM;BPI-059-CO 2019-09-20 09:07 AM;BPI-059-CO 2020-03-12 06:31 AM;BPI-059-CO 2020-03-12 06:50 AM;BPI-059-CO 2020-03-13 07:05 AM;BPI-059-CO 2020-03-13 07:20 AM;NA;BPI-059-CO 2020-09-01 09:10 AM;BPI-059-CO 2020-09-25 07:12 AM;BPI-059-CO 2020-09-25 07:29 AM;BPI-059-CO 2021-03-09 07:18 AM;BPI-059-CO 2021-03-30 08:57 AM;BPI-059-CO 2021-03-31 06:28 AM;BPI-059-CO 2021-04-01 08:50 AM;NA;NA;BPI-059-CO 2021-09-13 06:47 AM;BPI-059-CO 2021-09-13 07:18 AM
60;BPI-060-CO 2019-09-17 06:36 AM;BPI-060-CO 2019-09-17 06:54 AM;BPI-060-CO 2019-09-20 08:22 AM;BPI-060-CO 2019-09-20 08:33 AM;BPI-060-CO 2020-03-12 07:09 AM;BPI-060-CO 2020-03-12 07:28 AM;BPI-060-CO 2020-03-13 06:27 AM;BPI-060-CO 2020-03-13 06:45 AM;BPI-060-CO 2020-09-01 08:49 AM;BPI-060-CO 2020-09-01 09:50 AM;BPI-060-CO 2020-09-25 07:50 AM;BPI-060-CO 2020-09-25 08:10 AM;BPI-060-CO 2021-03-09 07:38 AM;BPI-060-CO 2021-03-30 08:32 AM;BPI-060-CO 2021-03-31 07:06 AM;BPI-060-CO 2021-04-01 08:27 AM;NA;NA;BPI-060-CO 2021-09-13 06:23 AM;BPI-060-CO 2021-09-13 07:37 AM
61;BPI-061-CO 2019-09-05 05:44 AM;BPI-061-CO 2019-09-05 06:09 AM;BPI-061-CO 2019-09-06 07:32 AM;BPI-061-CO 2019-09-06 07:53 AM;NA;NA;NA;NA;BPI-061-CO 2020-08-28 08:33 AM;BPI-061-CO 2020-08-28 08:53 AM;BPI-061-CO 2020-09-22 08:14 AM;BPI-061-CO 2020-09-23 07:46 AM;BPI-061-CO 2021-02-26 08:48 AM;BPI-061-CO 2021-02-26 09:11 AM;BPI-061-CO 2021-03-24 06:43 AM;BPI-061-CO 2021-03-24 10:16 AM;BPI-061-CO 2021-08-05 06:38 AM;BPI-061-CO 2021-08-05 07:10 AM;BPI-061-CO 2021-09-24 07:08 AM;BPI-061-CO 2021-09-24 09:57 AM
62;BPI-062-CO 2019-09-05 05:43 AM;BPI-062-CO 2019-09-05 06:12 AM;BPI-062-CO 2019-09-06 07:32 AM;BPI-062-CO 2019-09-06 07:55 AM;NA;NA;NA;NA;BPI-062-CO 2020-08-28 08:30 AM;BPI-062-CO 2020-08-28 08:59 AM;BPI-062-CO 2020-09-22 07:45 AM;BPI-062-CO 2020-09-23 07:19 AM;BPI-062-CO 2021-02-26 08:44 AM;BPI-062-CO 2021-02-26 09:17 AM;BPI-062-CO 2021-03-24 06:26 AM;BPI-062-CO 2021-03-24 10:48 AM;BPI-062-CO 2021-08-05 06:19 AM;BPI-062-CO 2021-08-05 06:48 AM;BPI-062-CO 2021-09-24 06:26 AM;BPI-062-CO 2021-09-24 10:26 AM
63;BPI-063-CO 2019-09-03 06:49 AM;BPI-063-CO 2019-09-03 07:02 AM;BPI-063-CO 2019-09-04 06:40 AM;BPI-063-CO 2019-09-04 06:56 AM;BPI-063-CO 2020-01-21 05:49 AM;BPI-063-CO 2020-01-21 06:05 AM;BPI-063-CO 2020-01-23 09:27 AM;BPI-063-CO 2020-01-31 06:43 AM;BPI-063-CO 2020-08-13 07:06 AM;BPI-063-CO 2020-08-13 08:51 AM;BPI-063-CO 2020-09-10 07:40 AM;BPI-063-CO 2020-09-10 08:32 AM;BPI-063-CO 2021-02-12 06:47 AM;BPI-063-CO 2021-02-15 07:26 AM;BPI-063-CO 2021-02-15 08:11 AM;BPI-063-CO 2021-03-09 08:44 AM;BPI-063-CO 2021-07-19 06:36 AM;BPI-063-CO 2021-07-19 08:09 AM;BPI-063-CO 2021-07-19 09:03 AM;BPI-063-CO 2021-08-16 07:31 AM
64;BPI-064-CO 2019-09-03 06:49 AM;BPI-064-CO 2019-09-03 07:08 AM;BPI-064-CO 2019-09-04 06:39 AM;BPI-064-CO 2019-09-04 06:51 AM;BPI-064-CO 2020-01-21 05:53 AM;BPI-064-CO 2020-01-21 06:12 AM;BPI-064-CO 2020-01-23 09:11 AM;BPI-064-CO 2020-01-31 06:28 AM;BPI-064-CO 2020-08-13 07:20 AM;BPI-064-CO 2020-08-13 09:08 AM;BPI-064-CO 2020-09-10 07:26 AM;BPI-064-CO 2020-09-10 08:15 AM;BPI-064-CO 2021-02-12 06:33 AM;BPI-064-CO 2021-02-15 07:10 AM;BPI-064-CO 2021-02-15 08:25 AM;BPI-064-CO 2021-03-09 08:58 AM;BPI-064-CO 2021-07-19 06:21 AM;BPI-064-CO 2021-07-19 08:28 AM;BPI-064-CO 2021-07-19 08:46 AM;BPI-064-CO 2021-08-16 07:50 AM
65;BPI-065-CO 2019-09-05 07:05 AM;BPI-065-CO 2019-09-05 07:32 AM;BPI-065-CO 2019-09-06 06:30 AM;BPI-065-CO 2019-09-06 06:55 AM;NA;NA;NA;NA;BPI-065-CO 2020-08-28 06:40 AM;NA;NA;NA;BPI-065-CO 2021-02-26 06:37 AM;BPI-065-CO 2021-02-26 08:09 AM;BPI-065-CO 2021-03-24 07:08 AM;BPI-065-CO 2021-03-24 09:37 AM;BPI-065-CO 2021-08-05 07:04 AM;BPI-065-CO 2021-08-05 07:47 AM;NA;BPI-065-CO 2021-09-24 09:08 AM
66;BPI-066-CO 2019-09-05 06:44 AM;BPI-066-CO 2019-09-05 07:07 AM;BPI-066-CO 2019-09-06 06:12 AM;BPI-066-CO 2019-09-06 06:30 AM;NA;NA;NA;NA;BPI-066-CO 2020-08-28 06:19 AM;BPI-066-CO 2020-08-28 08:01 AM;BPI-066-CO 2020-09-23 08:40 AM;BPI-066-CO 2020-09-23 09:02 AM;BPI-066-CO 2021-02-26 06:16 AM;BPI-066-CO 2021-02-26 07:44 AM;BPI-066-CO 2021-03-24 07:34 AM;NA;BPI-066-CO 2021-08-05 07:26 AM;NA;BPI-066-CO 2021-09-24 09:25 AM;BPI-066-CO 2021-09-24 09:38 AM
67;BPI-067-CO 2019-09-05 06:45 AM;BPI-067-CO 2019-09-05 07:32 AM;BPI-067-CO 2019-09-06 06:07 AM;BPI-067-CO 2019-09-06 06:56 AM;NA;NA;NA;NA;BPI-067-CO 2020-08-28 06:00 AM;BPI-067-CO 2020-08-28 07:35 AM;BPI-067-CO 2020-09-22 08:55 AM;BPI-067-CO 2020-09-23 08:08 AM;BPI-067-CO 2021-02-26 07:03 AM;BPI-067-CO 2021-02-26 07:22 AM;BPI-067-CO 2021-03-24 07:53 AM;BPI-067-CO 2021-03-24 09:02 AM;BPI-067-CO 2021-08-05 07:41 AM;BPI-067-CO 2021-08-05 09:10 AM;NA;BPI-067-CO 2021-09-24 07:41 AM
68;BPI-068-CO 2019-10-22 07:08 AM;BPI-068-CO 2019-10-22 07:38 AM;BPI-068-CO 2019-10-24 07:36 AM;BPI-068-CO 2019-10-24 07:52 AM;BPI-068-CO 2020-02-18 07:10 AM;BPI-068-CO 2020-02-19 08:14 AM;NA;NA;BPI-068-CO 2020-08-10 06:32 AM;BPI-068-CO 2020-08-10 06:48 AM;BPI-068-CO 2020-09-07 06:22 AM;BPI-068-CO 2020-09-07 07:13 AM;BPI-068-CO 2021-02-10 06:18 AM;BPI-068-CO 2021-02-10 07:08 AM;BPI-068-CO 2021-02-10 08:00 AM;BPI-068-CO 2021-02-23 07:15 AM;BPI-068-CO 2021-07-26 06:04 AM;BPI-068-CO 2021-09-14 07:55 AM;BPI-068-CO 2021-09-14 08:11 AM;BPI-068-CO 2021-09-14 09:42 AM
69;BPI-069-CO 2019-10-22 07:04 AM;BPI-069-CO 2019-10-22 07:24 AM;BPI-069-CO 2019-10-24 08:39 AM;BPI-069-CO 2019-10-24 08:53 AM;BPI-069-CO 2020-02-18 06:40 AM;BPI-069-CO 2020-02-19 08:42 AM;NA;NA;BPI-069-CO 2020-08-10 05:55 AM;BPI-069-CO 2020-08-10 06:13 AM;BPI-069-CO 2020-09-07 06:29 AM;BPI-069-CO 2020-09-07 07:29 AM;BPI-069-CO 2021-02-10 06:34 AM;BPI-069-CO 2021-02-10 07:34 AM;BPI-069-CO 2021-02-10 08:06 AM;BPI-069-CO 2021-02-23 06:49 AM;BPI-069-CO 2021-07-26 06:36 AM;BPI-069-CO 2021-09-14 07:22 AM;BPI-069-CO 2021-09-14 07:37 AM;BPI-069-CO 2021-09-14 08:29 AM
70;BPI-070-CO 2019-10-22 06:10 AM;BPI-070-CO 2019-10-22 06:41 AM;BPI-070-CO 2019-10-24 09:01 AM;BPI-070-CO 2019-10-24 09:16 AM;BPI-070-CO 2020-02-18 06:26 AM;BPI-070-CO 2020-02-19 08:55 AM;NA;NA;BPI-070-CO 2020-08-10 06:15 AM;NA;BPI-070-CO 2020-09-07 06:12 AM;BPI-070-CO 2020-09-07 07:46 AM;BPI-070-CO 2021-02-10 06:18 AM;BPI-070-CO 2021-02-10 07:19 AM;BPI-070-CO 2021-02-10 08:27 AM;BPI-070-CO 2021-02-23 06:35 AM;BPI-070-CO 2021-07-26 06:51 AM;BPI-070-CO 2021-09-14 07:07 AM;BPI-070-CO 2021-09-14 07:22 AM;BPI-070-CO 2021-09-14 08:43 AM
71;BPI-072-CO 2019-10-10 07:00 AM;NA;BPI-072-CO 2019-10-16 06:14 AM;BPI-072-CO 2019-10-16 07:39 AM;BPI-072-CO 2020-01-21 07:41 AM;BPI-072-CO 2020-01-21 08:03 AM;BPI-072-CO 2020-01-23 07:36 AM;NA;BPI-072-CO 2020-08-13 07:03 AM;BPI-072-CO 2020-08-13 08:08 AM;NA;BPI-072-CO 2020-09-10 09:41 AM;BPI-072-CO 2021-02-15 06:28 AM;BPI-072-CO 2021-02-15 08:03 AM;BPI-072-CO 2021-02-15 08:38 AM;BPI-072-CO 2021-03-09 07:54 AM;BPI-072-CO 2021-07-19 06:51 AM;BPI-072-CO 2021-07-19 07:15 AM;BPI-072-CO 2021-07-19 08:09 AM;BPI-072-CO 2021-08-16 07:06 AM
72;BPI-073-CO 2019-10-26 05:53 AM;BPI-073-CO 2019-10-26 06:10 AM;BPI-073-CO 2019-10-26 08:35 AM;BPI-073-CO 2019-10-26 08:50 AM;NA;BPI-073-CO 2020-02-04 09:37 AM;BPI-073-CO 2020-03-06 05:54 AM;BPI-073-CO 2020-03-06 07:15 AM;BPI-073-CO 2020-08-26 06:39 AM;BPI-073-CO 2020-08-26 09:27 AM;BPI-073-CO 2020-09-30 07:39 AM;NA;BPI-073-CO 2021-02-17 06:05 AM;BPI-073-CO 2021-02-17 07:18 AM;BPI-073-CO 2021-02-17 08:59 AM;BPI-073-CO 2021-02-22 09:41 AM;BPI-073-CO 2021-07-23 08:56 AM;BPI-073-CO 2021-07-28 07:27 AM;BPI-073-CO 2021-08-15 09:00 AM;BPI-073-CO 2021-08-29 06:52 AM
73;BPI-074-CO 2019-10-17 07:09 AM;BPI-074-CO 2019-10-17 07:51 AM;BPI-074-CO 2019-10-18 07:34 AM;BPI-074-CO 2019-10-18 07:49 AM;BPI-074-CO 2020-02-03 06:58 AM;BPI-074-CO 2020-02-03 07:16 AM;BPI-074-CO 2020-02-04 08:48 AM;BPI-074-CO 2020-02-04 09:14 AM;BPI-074-CO 2020-09-03 08:04 AM;BPI-074-CO 2020-09-03 08:50 AM;BPI-074-CO 2020-09-21 07:48 AM;BPI-074-CO 2020-09-21 09:15 AM;BPI-074-CO 2021-03-04 06:55 AM;BPI-074-CO 2021-03-29 07:23 AM;BPI-074-CO 2021-03-29 07:45 AM;BPI-074-CO 2021-04-06 09:58 AM;BPI-074-CO 2021-08-26 06:18 AM;BPI-074-CO 2021-08-26 06:39 AM;BPI-074-CO 2021-08-26 08:05 AM;BPI-074-CO 2021-08-26 08:20 AM
74;BPI-075-CO 2019-10-17 07:36 AM;BPI-075-CO 2019-10-17 08:21 AM;BPI-075-CO 2019-10-18 08:15 AM;BPI-075-CO 2019-10-18 08:30 AM;BPI-075-CO 2020-02-03 06:33 AM;BPI-075-CO 2020-02-03 07:37 AM;BPI-075-CO 2020-02-04 08:26 AM;BPI-075-CO 2020-02-04 09:35 AM;BPI-075-CO 2020-09-03 07:11 AM;BPI-075-CO 2020-09-03 08:24 AM;BPI-075-CO 2020-09-21 07:24 AM;BPI-075-CO 2020-09-21 08:46 AM;BPI-075-CO 2021-03-04 07:26 AM;BPI-075-CO 2021-03-29 06:47 AM;BPI-075-CO 2021-03-29 08:10 AM;BPI-075-CO 2021-04-06 09:46 AM;BPI-075-CO 2021-08-26 07:12 AM;BPI-075-CO 2021-08-26 07:34 AM;BPI-075-CO 2021-08-26 08:43 AM;BPI-075-CO 2021-08-26 09:00 AM
75;BPI-076-CO 2019-10-17 06:55 AM;BPI-076-CO 2019-10-17 08:00 AM;BPI-076-CO 2019-10-18 06:34 AM;BPI-076-CO 2019-10-18 09:10 AM;BPI-076-CO 2020-02-03 08:44 AM;BPI-076-CO 2020-02-03 09:03 AM;BPI-076-CO 2020-02-04 06:47 AM;BPI-076-CO 2020-02-04 07:05 AM;BPI-076-CO 2020-09-03 06:14 AM;BPI-076-CO 2020-09-03 08:00 AM;BPI-076-CO 2020-09-21 06:51 AM;BPI-076-CO 2020-09-21 08:09 AM;BPI-076-CO 2021-03-04 08:00 AM;BPI-076-CO 2021-03-29 08:40 AM;BPI-076-CO 2021-03-29 08:59 AM;BPI-076-CO 2021-04-06 08:58 AM;BPI-076-CO 2021-08-26 06:32 AM;BPI-076-CO 2021-08-26 07:25 AM;BPI-076-CO 2021-08-26 08:14 AM;BPI-076-CO 2021-08-26 08:39 AM
76;BPI-077-CO 2019-10-17 07:15 AM;BPI-077-CO 2019-10-17 08:18 AM;BPI-077-CO 2019-10-18 06:54 AM;BPI-077-CO 2019-10-18 08:52 AM;BPI-077-CO 2020-02-03 08:02 AM;BPI-077-CO 2020-02-03 08:23 AM;BPI-077-CO 2020-02-04 07:30 AM;BPI-077-CO 2020-02-04 07:50 AM;BPI-077-CO 2020-09-03 06:47 AM;BPI-077-CO 2020-09-03 07:34 AM;BPI-077-CO 2020-09-21 06:25 AM;BPI-077-CO 2020-09-21 07:49 AM;BPI-077-CO 2021-03-04 08:20 AM;BPI-077-CO 2021-03-29 09:19 AM;BPI-077-CO 2021-03-29 09:37 AM;BPI-077-CO 2021-04-06 09:20 AM;BPI-077-CO 2021-08-26 06:50 AM;BPI-077-CO 2021-08-26 07:08 AM;BPI-077-CO 2021-08-26 08:56 AM;BPI-077-CO 2021-08-26 09:09 AM
77;BPI-078-CO 2019-11-08 08:40 AM;BPI-078-CO 2019-11-08 08:53 AM;BPI-078-CO 2019-11-12 08:01 AM;BPI-078-CO 2019-11-12 08:19 AM;BPI-078-CO 2020-02-13 08:54 AM;BPI-078-CO 2020-02-13 09:11 AM;BPI-078-CO 2020-03-07 06:20 AM;BPI-078-CO 2020-03-18 07:27 AM;BPI-078-CO 2020-08-20 08:14 AM;BPI-078-CO 2020-08-20 09:38 AM;BPI-078-CO 2020-09-08 08:23 AM;NA;BPI-078-CO 2021-01-28 07:49 AM;BPI-078-CO 2021-03-03 09:03 AM;BPI-078-CO 2021-03-30 06:21 AM;BPI-078-CO 2021-04-01 06:23 AM;BPI-078-CO 2021-08-09 08:21 AM;BPI-078-CO 2021-08-16 07:03 AM;NA;BPI-078-CO 2021-09-08 06:36 AM
78;BPI-079-CO 2019-10-18 05:54 AM;BPI-079-CO 2019-10-21 06:24 AM;BPI-079-CO 2019-10-21 06:53 AM;BPI-079-CO 2019-10-21 08:04 AM;BPI-079-CO 2020-02-03 09:24 AM;BPI-079-CO 2020-02-04 06:23 AM;BPI-079-CO 2020-02-07 07:23 AM;BPI-079-CO 2020-02-10 06:24 AM;BPI-079-CO 2020-08-21 07:27 AM;BPI-079-CO 2020-08-21 08:27 AM;BPI-079-CO 2020-09-21 06:52 AM;BPI-079-CO 2020-09-21 08:19 AM;BPI-079-CO 2021-02-22 09:16 AM;BPI-079-CO 2021-02-22 09:30 AM;BPI-079-CO 2021-03-04 06:10 AM;NA;BPI-079-CO 2021-07-28 07:11 AM;BPI-079-CO 2021-08-15 08:41 AM;BPI-079-CO 2021-08-29 05:50 AM;BPI-079-CO 2021-08-29 06:34 AM
79;BPI-080-CO 2019-10-07 05:49 AM;BPI-080-CO 2019-10-07 07:45 AM;BPI-080-CO 2019-10-12 07:26 AM;BPI-080-CO 2019-10-12 07:47 AM;BPI-080-CO 2020-03-05 05:59 AM;BPI-080-CO 2020-03-05 07:28 AM;BPI-080-CO 2020-03-05 08:58 AM;BPI-080-CO 2020-03-05 09:12 AM;BPI-080-CO 2020-08-20 06:25 AM;NA;BPI-080-CO 2020-09-26 08:25 AM;BPI-080-CO 2020-09-26 08:45 AM;BPI-080-CO 2021-02-08 06:12 AM;BPI-080-CO 2021-02-08 07:04 AM;BPI-080-CO 2021-02-08 07:24 AM;BPI-080-CO 2021-03-09 07:26 AM;BPI-080-CO 2021-07-29 08:06 AM;BPI-080-CO 2021-08-23 07:30 AM;BPI-080-CO 2021-08-23 09:12 AM;BPI-080-CO 2021-09-09 06:15 AM
80;BPI-081-CO 2019-10-25 06:21 AM;BPI-081-CO 2019-10-25 07:18 AM;BPI-081-CO 2019-10-26 06:31 AM;BPI-081-CO 2019-10-26 08:11 AM;BPI-081-CO 2020-02-03 07:57 AM;BPI-081-CO 2020-02-03 08:14 AM;BPI-081-CO 2020-02-04 07:58 AM;BPI-081-CO 2020-02-04 08:54 AM;BPI-081-CO 2020-08-26 07:59 AM;BPI-081-CO 2020-08-26 09:47 AM;BPI-081-CO 2020-09-30 08:07 AM;BPI-081-CO 2020-09-30 09:24 AM;BPI-081-CO 2021-02-17 06:32 AM;BPI-081-CO 2021-02-17 07:22 AM;BPI-081-CO 2021-02-17 07:51 AM;BPI-081-CO 2021-04-06 07:24 AM;BPI-081-CO 2021-07-23 07:07 AM;BPI-081-CO 2021-08-29 07:17 AM;BPI-081-CO 2021-08-29 08:07 AM;BPI-081-CO 2021-08-29 08:48 AM
81;BPI-082-CO 2019-10-25 06:46 AM;BPI-082-CO 2019-10-25 07:25 AM;BPI-082-CO 2019-10-26 07:18 AM;BPI-082-CO 2019-10-26 07:59 AM;BPI-082-CO 2020-02-03 06:41 AM;BPI-082-CO 2020-02-03 06:55 AM;BPI-082-CO 2020-02-04 08:22 AM;BPI-082-CO 2020-02-04 08:45 AM;BPI-082-CO 2020-08-26 07:30 AM;BPI-082-CO 2020-08-26 08:48 AM;BPI-082-CO 2020-09-30 08:49 AM;BPI-082-CO 2020-09-30 10:06 AM;BPI-082-CO 2021-02-17 07:23 AM;BPI-082-CO 2021-02-17 08:12 AM;BPI-082-CO 2021-02-17 08:32 AM;BPI-082-CO 2021-04-06 08:15 AM;BPI-082-CO 2021-07-23 07:36 AM;BPI-082-CO 2021-08-29 07:59 AM;BPI-082-CO 2021-08-29 08:44 AM;BPI-082-CO 2021-08-29 09:16 AM
82;BPI-083-CO 2019-10-25 06:20 AM;BPI-083-CO 2019-10-25 06:50 AM;BPI-083-CO 2019-10-26 06:56 AM;BPI-083-CO 2020-02-03 07:18 AM;BPI-083-CO 2020-02-03 07:34 AM;BPI-083-CO 2020-02-03 08:58 AM;BPI-083-CO 2020-02-04 08:02 AM;BPI-083-CO 2020-02-04 08:23 AM;BPI-083-CO 2020-08-26 07:04 AM;BPI-083-CO 2020-08-26 08:19 AM;BPI-083-CO 2020-09-30 08:26 AM;BPI-083-CO 2020-09-30 09:50 AM;BPI-083-CO 2021-02-17 07:01 AM;BPI-083-CO 2021-02-17 07:54 AM;BPI-083-CO 2021-02-17 08:55 AM;BPI-083-CO 2021-04-06 07:47 AM;BPI-083-CO 2021-07-23 07:20 AM;BPI-083-CO 2021-08-29 07:39 AM;BPI-083-CO 2021-08-29 08:25 AM;BPI-083-CO 2021-08-29 09:31 AM
83;BPI-084-CO 2019-09-30 06:49 AM;BPI-084-CO 2019-09-30 08:18 AM;BPI-084-CO 2019-10-01 06:23 AM;BPI-084-CO 2019-10-01 07:27 AM;BPI-084-CO 2020-02-09 06:49 AM;BPI-084-CO 2020-02-09 07:38 AM;BPI-084-CO 2020-02-11 06:41 AM;BPI-084-CO 2020-02-11 06:57 AM;BPI-084-CO 2020-08-14 06:42 AM;BPI-084-CO 2020-08-14 07:25 AM;BPI-084-CO 2020-09-11 06:17 AM;BPI-084-CO 2020-09-11 07:29 AM;BPI-084-CO 2021-02-05 06:34 AM;BPI-084-CO 2021-02-05 07:45 AM;BPI-084-CO 2021-03-15 07:12 AM;BPI-084-CO 2021-03-15 07:48 AM;BPI-084-CO 2021-08-02 06:35 AM;BPI-084-CO 2021-08-02 08:48 AM;BPI-084-CO 2021-08-02 09:00 AM;BPI-084-CO 2021-09-13 07:18 AM
84;BPI-085-CO 2019-09-30 06:29 AM;BPI-085-CO 2019-09-30 08:03 AM;BPI-085-CO 2019-10-01 06:03 AM;BPI-085-CO 2019-10-01 07:10 AM;BPI-085-CO 2020-02-09 06:30 AM;BPI-085-CO 2020-02-09 07:19 AM;BPI-085-CO 2020-02-11 06:37 AM;BPI-085-CO 2020-02-11 08:03 AM;BPI-085-CO 2020-08-14 06:22 AM;BPI-085-CO 2020-08-14 07:06 AM;BPI-085-CO 2020-09-11 06:00 AM;BPI-085-CO 2020-09-11 07:47 AM;BPI-085-CO 2021-02-05 06:16 AM;BPI-085-CO 2021-02-05 08:06 AM;BPI-085-CO 2021-03-15 06:53 AM;BPI-085-CO 2021-03-15 07:29 AM;BPI-085-CO 2021-08-02 06:16 AM;BPI-085-CO 2021-08-02 09:04 AM;BPI-085-CO 2021-08-02 09:27 AM;BPI-085-CO 2021-09-13 07:36 AM
85;BPI-086-CO 2019-09-30 07:24 AM;BPI-086-CO 2019-09-30 07:57 AM;BPI-086-CO 2019-10-01 06:47 AM;BPI-086-CO 2019-10-01 07:40 AM;BPI-086-CO 2020-02-09 06:59 AM;BPI-086-CO 2020-02-09 07:57 AM;BPI-086-CO 2020-02-11 07:31 AM;BPI-086-CO 2020-02-11 08:26 AM;BPI-086-CO 2020-08-14 05:58 AM;BPI-086-CO 2020-08-14 06:46 AM;BPI-086-CO 2020-09-11 06:41 AM;BPI-086-CO 2020-09-11 08:04 AM;BPI-086-CO 2021-02-05 06:24 AM;BPI-086-CO 2021-02-05 08:08 AM;BPI-086-CO 2021-03-15 06:34 AM;BPI-086-CO 2021-03-15 07:09 AM;BPI-086-CO 2021-08-02 05:57 AM;BPI-086-CO 2021-08-02 07:40 AM;BPI-086-CO 2021-08-02 08:05 AM;BPI-086-CO 2021-09-13 06:17 AM
86;BPI-087-CO 2019-09-30 07:00 AM;BPI-087-CO 2019-09-30 07:36 AM;BPI-087-CO 2019-10-01 06:25 AM;BPI-087-CO 2019-10-01 07:18 AM;BPI-087-CO 2020-02-09 07:31 AM;BPI-087-CO 2020-02-09 08:24 AM;BPI-087-CO 2020-02-11 07:37 AM;BPI-087-CO 2020-02-11 07:52 AM;BPI-087-CO 2020-08-14 06:00 AM;BPI-087-CO 2020-08-14 07:24 AM;BPI-087-CO 2020-09-11 06:52 AM;BPI-087-CO 2020-09-11 07:04 AM;BPI-087-CO 2021-02-05 06:47 AM;BPI-087-CO 2021-02-05 07:42 AM;BPI-087-CO 2021-03-15 07:57 AM;BPI-087-CO 2021-03-15 08:41 AM;BPI-087-CO 2021-08-02 07:26 AM;BPI-087-CO 2021-08-02 08:06 AM;BPI-087-CO 2021-08-02 08:24 AM;BPI-087-CO 2021-09-13 06:38 AM
87;BPI-088-CO 2019-09-30 06:31 AM;BPI-088-CO 2019-09-30 07:11 AM;BPI-088-CO 2019-10-01 06:00 AM;BPI-088-CO 2019-10-01 06:49 AM;BPI-088-CO 2020-02-09 07:10 AM;BPI-088-CO 2020-02-09 08:00 AM;BPI-088-CO 2020-02-11 07:04 AM;BPI-088-CO 2020-02-11 07:23 AM;BPI-088-CO 2020-08-14 06:19 AM;BPI-088-CO 2020-08-14 07:02 AM;BPI-088-CO 2020-09-11 06:21 AM;BPI-088-CO 2020-09-11 07:29 AM;BPI-088-CO 2021-02-05 07:00 AM;BPI-088-CO 2021-02-05 07:13 AM;BPI-088-CO 2021-03-15 07:30 AM;BPI-088-CO 2021-03-15 08:10 AM;BPI-088-CO 2021-08-02 06:51 AM;BPI-088-CO 2021-08-02 08:27 AM;BPI-088-CO 2021-08-02 08:40 AM;BPI-088-CO 2021-09-13 06:59 AM
88;BPI-089-CO 2019-10-02 08:50 AM;BPI-089-CO 2019-10-02 09:20 AM;BPI-089-CO 2019-10-03 06:54 AM;BPI-089-CO 2019-10-03 07:29 AM;BPI-089-CO 2020-02-22 08:12 AM;BPI-089-CO 2020-02-22 08:26 AM;BPI-089-CO 2020-02-24 07:32 AM;BPI-089-CO 2020-02-24 07:48 AM;BPI-089-CO 2020-08-17 08:59 AM;BPI-089-CO 2020-08-17 09:35 AM;BPI-089-CO 2020-09-15 07:12 AM;BPI-089-CO 2020-09-15 10:32 AM;NA;BPI-089-CO 2021-03-03 09:21 AM;BPI-089-CO 2021-03-25 08:28 AM;BPI-089-CO 2021-03-26 07:55 AM;BPI-089-CO 2021-07-31 06:38 AM;BPI-089-CO 2021-09-01 06:49 AM;BPI-089-CO 2021-09-19 07:55 AM;BPI-089-CO 2021-09-19 08:39 AM
89;BPI-090-CO 2019-10-02 09:00 AM;BPI-090-CO 2019-10-02 09:25 AM;BPI-090-CO 2019-10-03 07:03 AM;BPI-090-CO 2019-10-03 07:22 AM;BPI-090-CO 2020-02-22 08:53 AM;BPI-090-CO 2020-02-22 09:11 AM;BPI-090-CO 2020-02-24 06:55 AM;BPI-090-CO 2020-02-24 07:10 AM;NA;BPI-090-CO 2020-08-17 09:48 AM;BPI-090-CO 2020-09-15 06:52 AM;BPI-090-CO 2020-09-15 10:13 AM;NA;BPI-090-CO 2021-03-03 08:51 AM;BPI-090-CO 2021-03-25 08:06 AM;BPI-090-CO 2021-03-26 07:39 AM;BPI-090-CO 2021-07-31 06:59 AM;BPI-090-CO 2021-07-31 09:38 AM;BPI-090-CO 2021-09-01 06:25 AM;BPI-090-CO 2021-09-19 07:35 AM
90;BPI-091-CO 2019-10-02 07:35 AM;BPI-091-CO 2019-10-02 07:58 AM;BPI-091-CO 2019-10-03 08:12 AM;BPI-091-CO 2019-10-03 08:32 AM;BPI-091-CO 2020-02-22 06:42 AM;BPI-091-CO 2020-02-22 07:00 AM;BPI-091-CO 2020-02-24 08:56 AM;BPI-091-CO 2020-02-24 09:17 AM;BPI-091-CO 2020-08-14 09:07 AM;BPI-091-CO 2020-08-14 09:27 AM;BPI-091-CO 2020-09-15 05:52 AM;BPI-091-CO 2020-09-15 08:44 AM;BPI-091-CO 2021-03-03 07:25 AM;NA;BPI-091-CO 2021-03-26 06:29 AM;NA;BPI-091-CO 2021-07-30 09:26 AM;BPI-091-CO 2021-07-31 05:44 AM;BPI-091-CO 2021-07-31 08:39 AM;BPI-091-CO 2021-09-01 07:35 AM
91;BPI-092-CO 2019-10-02 07:29 AM;BPI-092-CO 2019-10-02 08:00 AM;BPI-092-CO 2019-10-03 08:07 AM;BPI-092-CO 2019-10-03 08:35 AM;BPI-092-CO 2020-02-22 07:23 AM;BPI-092-CO 2020-02-22 07:42 AM;BPI-092-CO 2020-02-24 08:17 AM;BPI-092-CO 2020-02-24 08:32 AM;BPI-092-CO 2020-08-14 08:38 AM;BPI-092-CO 2020-08-14 09:11 AM;BPI-092-CO 2020-09-15 06:15 AM;BPI-092-CO 2020-09-15 08:10 AM;BPI-092-CO 2021-03-03 08:14 AM;BPI-092-CO 2021-03-25 09:04 AM;BPI-092-CO 2021-03-25 09:29 AM;BPI-092-CO 2021-03-26 06:56 AM;BPI-092-CO 2021-07-30 09:43 AM;BPI-092-CO 2021-07-31 06:06 AM;BPI-092-CO 2021-07-31 09:04 AM;BPI-092-CO 2021-09-01 08:38 AM
92;BPI-093-CO 2019-09-13 06:10 AM;BPI-093-CO 2019-09-13 07:50 AM;BPI-093-CO 2019-09-16 07:22 AM;BPI-093-CO 2019-09-16 07:36 AM;BPI-093-CO 2020-02-05 08:41 AM;BPI-093-CO 2020-02-05 08:59 AM;BPI-093-CO 2020-02-21 06:26 AM;BPI-093-CO 2020-02-21 06:45 AM;BPI-093-CO 2020-08-17 06:28 AM;BPI-093-CO 2020-08-17 07:01 AM;BPI-093-CO 2020-09-15 07:15 AM;BPI-093-CO 2020-09-15 08:18 AM;BPI-093-CO 2021-02-18 07:21 AM;BPI-093-CO 2021-02-18 09:05 AM;BPI-093-CO 2021-03-23 06:56 AM;BPI-093-CO 2021-03-23 08:17 AM;BPI-093-CO 2021-07-30 08:31 AM;BPI-093-CO 2021-07-31 07:31 AM;BPI-093-CO 2021-07-31 08:48 AM;BPI-093-CO 2021-09-19 08:11 AM
93;BPI-094-CO 2019-09-13 06:39 AM;BPI-094-CO 2019-09-13 07:22 AM;BPI-094-CO 2019-09-16 08:01 AM;BPI-094-CO 2019-09-16 08:17 AM;BPI-094-CO 2020-02-05 08:16 AM;BPI-094-CO 2020-02-05 08:44 AM;BPI-094-CO 2020-02-21 07:08 AM;BPI-094-CO 2020-02-21 07:27 AM;BPI-094-CO 2020-08-17 06:26 AM;BPI-094-CO 2020-08-17 07:12 AM;BPI-094-CO 2020-09-15 06:51 AM;BPI-094-CO 2020-09-15 08:53 AM;BPI-094-CO 2021-02-18 06:57 AM;BPI-094-CO 2021-02-18 08:37 AM;BPI-094-CO 2021-03-23 06:33 AM;BPI-094-CO 2021-03-23 07:57 AM;BPI-094-CO 2021-07-30 08:03 AM;BPI-094-CO 2021-07-31 06:59 AM;BPI-094-CO 2021-07-31 08:28 AM;BPI-094-CO 2021-09-19 08:36 AM
94;BPI-095-CO 2019-09-13 06:57 AM;BPI-095-CO 2019-09-13 07:16 AM;BPI-095-CO 2019-09-16 08:35 AM;BPI-095-CO 2019-09-16 08:54 AM;BPI-095-CO 2020-02-05 07:59 AM;BPI-095-CO 2020-02-05 08:15 AM;BPI-095-CO 2020-02-21 07:48 AM;BPI-095-CO 2020-02-21 08:06 AM;BPI-095-CO 2020-08-17 06:05 AM;BPI-095-CO 2020-08-17 06:49 AM;BPI-095-CO 2020-09-15 06:33 AM;BPI-095-CO 2020-09-15 08:37 AM;BPI-095-CO 2021-02-18 06:39 AM;BPI-095-CO 2021-02-18 07:54 AM;BPI-095-CO 2021-03-23 06:12 AM;BPI-095-CO 2021-03-23 07:31 AM;BPI-095-CO 2021-07-30 07:45 AM;BPI-095-CO 2021-07-31 06:33 AM;BPI-095-CO 2021-07-31 08:10 AM;BPI-095-CO 2021-09-19 07:32 AM
95;BPI-096-CO 2019-09-13 08:25 AM;BPI-096-CO 2019-09-13 08:39 AM;BPI-096-CO 2019-10-03 06:00 AM;BPI-096-CO 2019-10-03 06:19 AM;BPI-096-CO 2020-02-05 07:20 AM;BPI-096-CO 2020-02-05 07:36 AM;BPI-096-CO 2020-02-21 06:07 AM;BPI-096-CO 2020-02-21 08:23 AM;BPI-096-CO 2020-08-17 06:05 AM;BPI-096-CO 2020-08-17 07:31 AM;BPI-096-CO 2020-09-15 07:39 AM;BPI-096-CO 2020-09-18 05:52 AM;BPI-096-CO 2021-02-18 06:19 AM;BPI-096-CO 2021-02-18 08:09 AM;BPI-096-CO 2021-03-23 07:09 AM;BPI-096-CO 2021-03-23 07:28 AM;BPI-096-CO 2021-07-31 08:02 AM;BPI-096-CO 2021-09-13 08:32 AM;BPI-096-CO 2021-09-13 09:15 AM;BPI-096-CO 2021-09-19 06:48 AM
96;NA;NA;NA;NA;NA;NA;NA;NA;BPI-097-CO 2020-08-17 08:53 AM;BPI-097-CO 2020-09-24 07:41 AM;BPI-097-CO 2020-09-24 07:59 AM;BPI-097-CO 2020-09-24 08:16 AM;BPI-097-CO 2021-02-18 06:44 AM;BPI-097-CO 2021-02-18 07:52 AM;BPI-097-CO 2021-03-23 08:33 AM;BPI-097-CO 2021-03-23 08:50 AM;NA;BPI-097-CO 2021-09-17 06:18 AM;BPI-097-CO 2021-09-19 09:02 AM;BPI-097-CO 2021-09-19 09:18 AM
97;BPI-098-CO 2019-10-01 08:11 AM;BPI-098-CO 2019-10-01 08:34 AM;BPI-098-CO 2019-10-02 06:27 AM;BPI-098-CO 2019-10-02 06:56 AM;NA;NA;NA;NA;BPI-098-CO 2020-08-14 07:52 AM;BPI-098-CO 2020-08-14 08:13 AM;NA;BPI-098-CO 2020-09-18 09:22 AM;NA;NA;BPI-098-CO 2021-03-25 06:43 AM;NA;BPI-098-CO 2021-08-02 07:07 AM;BPI-098-CO 2021-09-13 07:58 AM;BPI-098-CO 2021-09-13 08:14 AM;BPI-098-CO 2021-09-19 07:52 AM
98;BPI-099-CO 2019-10-11 06:25 AM;BPI-099-CO 2019-10-11 09:12 AM;BPI-099-CO 2019-10-15 06:04 AM;BPI-099-CO 2019-10-15 08:58 AM;NA;NA;NA;NA;BPI-099-CO 2020-08-12 05:55 AM;BPI-099-CO 2020-08-12 06:57 AM;BPI-099-CO 2020-09-18 06:18 AM;BPI-099-CO 2020-09-18 07:38 AM;BPI-099-CO 2021-02-23 06:36 AM;BPI-099-CO 2021-03-19 08:20 AM;BPI-099-CO 2021-03-19 09:26 AM;BPI-099-CO 2021-03-19 09:37 AM;BPI-099-CO 2021-08-20 09:24 AM;BPI-099-CO 2021-08-20 09:41 AM;BPI-099-CO 2021-09-17 08:55 AM;BPI-099-CO 2021-09-17 09:32 AM
99;BPI-100-CO 2019-10-11 06:48 AM;BPI-100-CO 2019-10-11 08:55 AM;BPI-100-CO 2019-10-15 06:39 AM;BPI-100-CO 2019-10-15 08:50 AM;NA;NA;NA;NA;BPI-100-CO 2020-08-12 05:55 AM;BPI-100-CO 2020-08-12 06:22 AM;BPI-100-CO 2020-09-18 06:45 AM;BPI-100-CO 2020-09-18 08:02 AM;BPI-100-CO 2021-02-23 06:51 AM;BPI-100-CO 2021-02-23 08:29 AM;BPI-100-CO 2021-03-19 06:57 AM;BPI-100-CO 2021-03-19 08:13 AM;BPI-100-CO 2021-08-20 09:46 AM;BPI-100-CO 2021-09-17 06:58 AM;BPI-100-CO 2021-09-17 07:37 AM;BPI-100-CO 2021-09-17 08:25 AM
100;BPI-101-CO 2019-10-11 07:18 AM;BPI-101-CO 2019-10-11 08:10 AM;BPI-101-CO 2019-10-15 07:08 AM;BPI-101-CO 2019-10-15 08:01 AM;NA;NA;NA;NA;BPI-101-CO 2020-08-12 06:19 AM;BPI-101-CO 2020-08-12 06:56 AM;BPI-101-CO 2020-09-18 07:17 AM;BPI-101-CO 2020-09-18 08:23 AM;BPI-101-CO 2021-02-23 07:28 AM;BPI-101-CO 2021-02-23 08:53 AM;BPI-101-CO 2021-03-19 07:18 AM;BPI-101-CO 2021-03-19 08:39 AM;BPI-101-CO 2021-09-01 08:07 AM;BPI-101-CO 2021-09-17 07:24 AM;BPI-101-CO 2021-09-17 08:07 AM;BPI-101-CO 2021-09-17 09:04 AM
101;BPI-102-CO 2019-10-11 07:48 AM;BPI-102-CO 2019-10-11 08:28 AM;BPI-102-CO 2019-10-15 07:30 AM;BPI-102-CO 2019-10-15 08:24 AM;NA;NA;NA;NA;BPI-102-CO 2020-09-18 07:37 AM;BPI-102-CO 2020-09-18 07:50 AM;BPI-102-CO 2020-09-18 08:38 AM;NA;BPI-102-CO 2021-02-23 07:46 AM;BPI-102-CO 2021-02-23 09:23 AM;BPI-102-CO 2021-03-19 07:40 AM;BPI-102-CO 2021-03-19 08:51 AM;BPI-102-CO 2021-09-01 07:53 AM;BPI-102-CO 2021-09-17 07:46 AM;BPI-102-CO 2021-09-17 08:26 AM;BPI-102-CO 2021-09-17 08:46 AM
102;BPI-103-CO 2019-10-11 07:01 AM;BPI-103-CO 2019-10-11 07:41 AM;BPI-103-CO 2019-10-15 06:50 AM;BPI-103-CO 2019-10-15 07:26 AM;NA;NA;NA;NA;BPI-103-CO 2020-09-18 06:40 AM;BPI-103-CO 2020-09-18 08:36 AM;NA;NA;BPI-103-CO 2021-02-23 06:52 AM;BPI-103-CO 2021-02-23 09:16 AM;BPI-103-CO 2021-03-19 06:30 AM;BPI-103-CO 2021-03-19 09:13 AM;BPI-103-CO 2021-08-20 08:25 AM;BPI-103-CO 2021-08-20 08:49 AM;BPI-103-CO 2021-09-17 06:54 AM;BPI-103-CO 2021-09-17 09:15 AM
103;BPI-104-CO 2019-10-01 08:16 AM;BPI-104-CO 2019-10-01 08:34 AM;BPI-104-CO 2019-10-02 06:25 AM;BPI-104-CO 2019-10-02 06:49 AM;NA;NA;NA;NA;BPI-104-CO 2020-08-14 08:15 AM;BPI-104-CO 2020-08-14 08:46 AM;BPI-104-CO 2020-09-15 07:38 AM;BPI-104-CO 2020-09-15 07:58 AM;NA;NA;BPI-104-CO 2021-03-25 07:22 AM;NA;BPI-104-CO 2021-07-31 07:48 AM;BPI-104-CO 2021-09-13 08:47 AM;BPI-104-CO 2021-09-13 09:02 AM;BPI-104-CO 2021-09-19 07:06 AM
104;BPI-105-CO 2019-10-08 06:28 AM;BPI-105-CO 2019-10-08 07:11 AM;BPI-105-CO 2019-10-09 07:47 AM;BPI-105-CO 2019-10-09 08:23 AM;BPI-105-CO 2020-03-17 07:06 AM;BPI-105-CO 2020-03-17 08:01 AM;BPI-105-CO 2020-03-19 06:46 AM;BPI-105-CO 2020-03-19 07:38 AM;BPI-105-CO 2020-09-01 06:18 AM;BPI-105-CO 2020-09-01 07:38 AM;BPI-105-CO 2020-09-28 06:15 AM;BPI-105-CO 2020-09-28 07:08 AM;BPI-105-CO 2021-02-25 07:49 AM;BPI-105-CO 2021-02-25 08:17 AM;BPI-105-CO 2021-03-26 08:32 AM;BPI-105-CO 2021-03-26 08:59 AM;BPI-105-CO 2021-08-03 06:49 AM;BPI-105-CO 2021-08-03 07:20 AM;BPI-105-CO 2021-09-10 07:04 AM;BPI-105-CO 2021-09-15 08:56 AM
105;BPI-106-CO 2019-10-08 06:06 AM;BPI-106-CO 2019-10-08 06:44 AM;BPI-106-CO 2019-10-09 07:24 AM;BPI-106-CO 2019-10-09 07:58 AM;BPI-106-CO 2020-03-17 07:29 AM;BPI-106-CO 2020-03-17 07:44 AM;BPI-106-CO 2020-03-19 07:03 AM;BPI-106-CO 2020-03-19 07:19 AM;BPI-106-CO 2020-09-01 05:57 AM;BPI-106-CO 2020-09-01 08:01 AM;BPI-106-CO 2020-09-28 06:33 AM;BPI-106-CO 2020-09-28 06:52 AM;BPI-106-CO 2021-02-25 07:30 AM;BPI-106-CO 2021-02-25 08:39 AM;BPI-106-CO 2021-03-26 08:09 AM;BPI-106-CO 2021-03-26 08:36 AM;BPI-106-CO 2021-08-03 07:07 AM;BPI-106-CO 2021-08-03 07:39 AM;NA;BPI-106-CO 2021-09-10 07:27 AM
106;BPI-107-CO 2019-10-08 05:56 AM;BPI-107-CO 2019-10-08 07:17 AM;BPI-107-CO 2019-10-09 07:13 AM;BPI-107-CO 2019-10-09 08:25 AM;BPI-107-CO 2020-03-17 06:46 AM;BPI-107-CO 2020-03-17 08:32 AM;BPI-107-CO 2020-03-19 06:06 AM;BPI-107-CO 2020-03-19 08:14 AM;BPI-107-CO 2020-09-01 05:36 AM;BPI-107-CO 2020-09-01 06:59 AM;BPI-107-CO 2020-09-28 05:38 AM;BPI-107-CO 2020-09-28 07:52 AM;BPI-107-CO 2021-02-25 07:42 AM;BPI-107-CO 2021-02-25 08:15 AM;BPI-107-CO 2021-03-26 07:57 AM;BPI-107-CO 2021-03-26 09:22 AM;BPI-107-CO 2021-08-03 06:19 AM;BPI-107-CO 2021-08-03 06:43 AM;NA;BPI-107-CO 2021-09-10 06:26 AM
107;NA;NA;NA;NA;BPI-108-CO 2020-02-01 07:09 AM;BPI-108-CO 2020-02-01 09:08 AM;BPI-108-CO 2020-03-11 06:11 AM;BPI-108-CO 2020-03-11 06:30 AM;BPI-108-CO 2020-08-26 06:19 AM;BPI-108-CO 2020-08-26 09:26 AM;BPI-108-CO 2020-09-30 07:27 AM;BPI-108-CO 2020-09-30 07:45 AM;BPI-108-CO 2021-02-17 06:20 AM;BPI-108-CO 2021-02-17 09:12 AM;BPI-108-CO 2021-02-17 09:52 AM;BPI-108-CO 2021-02-22 10:13 AM;BPI-108-CO 2021-07-23 06:21 AM;BPI-108-CO 2021-08-29 08:59 AM;BPI-108-CO 2021-09-16 06:43 AM;BPI-108-CO 2021-09-16 06:58 AM
108;BPI-109-CO 2019-10-08 06:20 AM;BPI-109-CO 2019-10-08 06:50 AM;BPI-109-CO 2019-10-09 07:34 AM;BPI-109-CO 2019-10-09 08:05 AM;BPI-109-CO 2020-03-17 08:19 AM;BPI-109-CO 2020-03-17 09:13 AM;BPI-109-CO 2020-03-19 06:20 AM;BPI-109-CO 2020-03-19 07:54 AM;BPI-109-CO 2020-09-01 06:37 AM;BPI-109-CO 2020-09-01 07:15 AM;BPI-109-CO 2020-09-28 05:56 AM;BPI-109-CO 2020-09-28 07:24 AM;BPI-109-CO 2021-02-25 07:09 AM;BPI-109-CO 2021-02-25 09:08 AM;BPI-109-CO 2021-03-26 08:13 AM;BPI-109-CO 2021-03-26 08:53 AM;BPI-109-CO 2021-08-03 06:31 AM;BPI-109-CO 2021-08-03 06:59 AM;BPI-109-CO 2021-09-10 06:45 AM;BPI-109-CO 2021-09-15 09:16 AM
109;BPI-110-CO 2019-10-04 08:20 AM;BPI-110-CO 2019-10-04 08:46 AM;BPI-110-CO 2019-10-05 06:36 AM;BPI-110-CO 2019-10-05 06:54 AM;BPI-110-CO 2020-03-07 08:41 AM;BPI-110-CO 2020-03-07 08:55 AM;BPI-110-CO 2020-03-16 08:01 AM;BPI-110-CO 2020-03-18 06:35 AM;BPI-110-CO 2020-08-18 06:11 AM;BPI-110-CO 2020-08-18 06:30 AM;BPI-110-CO 2020-09-28 05:56 AM;BPI-110-CO 2020-09-28 09:05 AM;BPI-110-CO 2021-02-08 09:04 AM;BPI-110-CO 2021-03-29 09:08 AM;BPI-110-CO 2021-04-06 06:43 AM;BPI-110-CO 2021-04-06 07:03 AM;BPI-110-CO 2021-08-25 08:17 AM;BPI-110-CO 2021-08-25 08:47 AM;BPI-110-CO 2021-08-31 09:46 AM;BPI-110-CO 2021-08-31 10:12 AM
110;BPI-111-CO 2019-10-07 06:33 AM;BPI-111-CO 2019-10-07 07:11 AM;BPI-111-CO 2019-10-12 06:20 AM;BPI-111-CO 2019-10-12 06:42 AM;BPI-111-CO 2020-03-04 07:46 AM;BPI-111-CO 2020-03-04 08:20 AM;BPI-111-CO 2020-03-05 06:32 AM;BPI-111-CO 2020-03-05 06:49 AM;NA;BPI-111-CO 2020-08-18 09:39 AM;BPI-111-CO 2020-09-26 05:44 AM;BPI-111-CO 2020-09-26 06:01 AM;BPI-111-CO 2021-02-08 06:41 AM;BPI-111-CO 2021-02-08 07:57 AM;BPI-111-CO 2021-02-08 08:19 AM;BPI-111-CO 2021-04-06 09:05 AM;BPI-111-CO 2021-07-29 09:05 AM;BPI-111-CO 2021-08-23 08:01 AM;BPI-111-CO 2021-08-23 08:20 AM;BPI-111-CO 2021-09-09 08:00 AM
111;BPI-112-CO 2019-10-07 06:08 AM;BPI-112-CO 2019-10-07 06:50 AM;BPI-112-CO 2019-10-12 06:19 AM;BPI-112-CO 2019-10-12 06:35 AM;BPI-112-CO 2020-03-04 08:03 AM;BPI-112-CO 2020-03-04 08:37 AM;BPI-112-CO 2020-03-05 06:14 AM;BPI-112-CO 2020-03-05 07:04 AM;NA;BPI-112-CO 2020-08-18 09:35 AM;BPI-112-CO 2020-09-26 06:21 AM;BPI-112-CO 2020-09-26 06:42 AM;BPI-112-CO 2021-02-08 06:22 AM;BPI-112-CO 2021-02-08 07:54 AM;BPI-112-CO 2021-02-08 08:18 AM;BPI-112-CO 2021-04-06 08:29 AM;BPI-112-CO 2021-07-29 09:20 AM;BPI-112-CO 2021-08-23 07:37 AM;BPI-112-CO 2021-08-23 08:00 AM;BPI-112-CO 2021-09-09 08:23 AM
112;BPI-113-CO 2019-10-23 07:31 AM;BPI-113-CO 2019-10-23 07:48 AM;BPI-113-CO 2019-10-23 08:06 AM;BPI-113-CO 2019-10-23 08:21 AM;BPI-113-CO 2020-02-13 07:07 AM;BPI-113-CO 2020-02-13 08:10 AM;BPI-113-CO 2020-02-14 07:18 AM;BPI-113-CO 2020-02-14 07:47 AM;BPI-113-CO 2020-08-20 08:24 AM;BPI-113-CO 2020-08-20 09:28 AM;BPI-113-CO 2020-09-08 08:51 AM;BPI-113-CO 2020-09-08 09:37 AM;BPI-113-CO 2021-01-28 08:54 AM;BPI-113-CO 2021-03-03 08:01 AM;BPI-113-CO 2021-03-29 06:20 AM;BPI-113-CO 2021-03-30 07:32 AM;BPI-113-CO 2021-08-09 07:11 AM;BPI-113-CO 2021-08-16 07:55 AM;BPI-113-CO 2021-09-08 07:28 AM;BPI-113-CO 2021-09-08 08:26 AM
113;BPI-114-CO 2019-10-23 08:06 AM;BPI-114-CO 2019-10-23 08:39 AM;BPI-114-CO 2019-10-23 08:54 AM;BPI-114-CO 2019-11-08 08:06 AM;BPI-114-CO 2020-02-13 06:54 AM;BPI-114-CO 2020-02-13 08:22 AM;BPI-114-CO 2020-02-14 07:31 AM;BPI-114-CO 2020-02-14 08:04 AM;BPI-114-CO 2020-08-20 08:08 AM;BPI-114-CO 2020-08-20 09:12 AM;BPI-114-CO 2020-09-08 09:23 AM;BPI-114-CO 2020-09-08 09:46 AM;BPI-114-CO 2021-01-28 08:36 AM;BPI-114-CO 2021-03-03 08:20 AM;BPI-114-CO 2021-03-29 06:40 AM;BPI-114-CO 2021-03-30 07:09 AM;BPI-114-CO 2021-08-09 06:55 AM;BPI-114-CO 2021-08-16 07:37 AM;BPI-114-CO 2021-09-08 07:10 AM;BPI-114-CO 2021-09-08 08:43 AM
114;BPI-115-CO 2019-10-23 08:20 AM;BPI-115-CO 2019-10-23 08:35 AM;NA;NA;BPI-115-CO 2020-02-13 06:40 AM;BPI-115-CO 2020-02-13 08:37 AM;BPI-115-CO 2020-02-14 06:21 AM;BPI-115-CO 2020-02-14 08:19 AM;BPI-115-CO 2020-08-20 08:50 AM;BPI-115-CO 2020-08-20 09:18 AM;BPI-115-CO 2020-09-08 08:56 AM;BPI-115-CO 2020-09-08 09:31 AM;BPI-115-CO 2021-01-28 08:19 AM;BPI-115-CO 2021-03-03 08:38 AM;BPI-115-CO 2021-03-29 07:00 AM;BPI-115-CO 2021-03-30 06:50 AM;BPI-115-CO 2021-08-09 06:34 AM;BPI-115-CO 2021-08-16 07:23 AM;BPI-115-CO 2021-09-08 06:54 AM;BPI-115-CO 2021-09-08 09:00 AM
115;BPI-116-CO 2019-10-08 08:10 AM;BPI-116-CO 2019-10-08 08:39 AM;BPI-116-CO 2019-10-09 05:49 AM;BPI-116-CO 2019-10-09 06:27 AM;BPI-116-CO 2020-02-27 06:32 AM;BPI-116-CO 2020-02-27 07:40 AM;BPI-116-CO 2020-02-28 07:15 AM;BPI-116-CO 2020-02-28 08:03 AM;BPI-116-CO 2020-08-25 06:35 AM;BPI-116-CO 2020-08-25 07:17 AM;BPI-116-CO 2020-09-09 06:27 AM;BPI-116-CO 2020-09-09 08:25 AM;BPI-116-CO 2021-03-02 06:39 AM;BPI-116-CO 2021-03-02 07:05 AM;BPI-116-CO 2021-03-18 07:39 AM;BPI-116-CO 2021-03-25 06:59 AM;BPI-116-CO 2021-08-02 06:16 AM;BPI-116-CO 2021-08-13 06:58 AM;BPI-116-CO 2021-09-06 07:40 AM;BPI-116-CO 2021-09-06 08:09 AM
116;BPI-117-CO 2019-10-08 08:23 AM;BPI-117-CO 2019-10-08 08:57 AM;BPI-117-CO 2019-10-09 06:10 AM;BPI-117-CO 2019-10-09 06:42 AM;BPI-117-CO 2020-02-27 06:19 AM;BPI-117-CO 2020-02-27 07:56 AM;BPI-117-CO 2020-02-28 07:29 AM;BPI-117-CO 2020-02-28 08:19 AM;BPI-117-CO 2020-08-25 06:18 AM;BPI-117-CO 2020-08-25 07:02 AM;BPI-117-CO 2020-09-09 06:23 AM;BPI-117-CO 2020-09-09 08:11 AM;BPI-117-CO 2021-03-02 06:42 AM;BPI-117-CO 2021-03-02 07:23 AM;BPI-117-CO 2021-03-18 07:25 AM;BPI-117-CO 2021-03-25 07:12 AM;BPI-117-CO 2021-08-02 06:05 AM;BPI-117-CO 2021-08-13 07:11 AM;BPI-117-CO 2021-09-06 07:51 AM;BPI-117-CO 2021-09-06 08:08 AM
117;BPI-118-CO 2019-10-08 08:04 AM;BPI-118-CO 2019-10-08 08:44 AM;BPI-118-CO 2019-10-09 05:47 AM;BPI-118-CO 2019-10-09 06:26 AM;BPI-118-CO 2020-02-27 06:05 AM;BPI-118-CO 2020-02-27 08:09 AM;BPI-118-CO 2020-02-28 07:44 AM;BPI-118-CO 2020-02-28 08:33 AM;BPI-118-CO 2020-08-25 06:01 AM;BPI-118-CO 2020-08-25 06:45 AM;BPI-118-CO 2020-09-09 05:51 AM;BPI-118-CO 2020-09-09 07:50 AM;BPI-118-CO 2021-03-02 06:23 AM;BPI-118-CO 2021-03-02 07:05 AM;BPI-118-CO 2021-03-18 07:09 AM;BPI-118-CO 2021-03-25 07:27 AM;BPI-118-CO 2021-08-02 05:44 AM;BPI-118-CO 2021-08-13 07:31 AM;BPI-118-CO 2021-09-06 07:32 AM;BPI-118-CO 2021-09-06 08:23 AM
118;BPI-119-CO 2019-10-04 08:48 AM;BPI-119-CO 2019-10-05 05:56 AM;BPI-119-CO 2019-10-05 06:10 AM;BPI-119-CO 2019-10-05 08:59 AM;BPI-119-CO 2020-03-07 06:22 AM;BPI-119-CO 2020-03-07 06:42 AM;BPI-119-CO 2020-03-16 08:55 AM;BPI-119-CO 2020-03-18 07:07 AM;BPI-119-CO 2020-08-18 06:58 AM;NA;NA;BPI-119-CO 2020-09-28 08:48 AM;BPI-119-CO 2021-01-29 07:07 AM;BPI-119-CO 2021-02-08 08:11 AM;BPI-119-CO 2021-04-02 06:02 AM;BPI-119-CO 2021-04-06 06:05 AM;BPI-119-CO 2021-07-29 07:47 AM;BPI-119-CO 2021-08-16 09:03 AM;BPI-119-CO 2021-08-23 06:35 AM;BPI-119-CO 2021-08-23 06:53 AM
119;BPI-120-CO 2019-10-05 06:25 AM;BPI-120-CO 2019-10-05 06:39 AM;NA;BPI-120-CO 2019-10-05 09:01 AM;BPI-120-CO 2020-03-07 06:37 AM;BPI-120-CO 2020-03-07 06:56 AM;BPI-120-CO 2020-03-16 08:43 AM;BPI-120-CO 2020-03-18 06:55 AM;BPI-120-CO 2020-08-18 05:42 AM;BPI-120-CO 2020-08-18 05:47 AM;BPI-120-CO 2020-08-18 06:09 AM;NA;BPI-120-CO 2021-01-29 07:25 AM;BPI-120-CO 2021-02-08 08:25 AM;BPI-120-CO 2021-04-02 06:24 AM;BPI-120-CO 2021-04-06 06:21 AM;BPI-120-CO 2021-07-29 07:34 AM;BPI-120-CO 2021-08-16 08:55 AM;BPI-120-CO 2021-08-23 06:33 AM;BPI-120-CO 2021-08-23 06:54 AM
120;BPI-121-CO 2019-10-11 07:21 AM;BPI-121-CO 2019-10-11 08:10 AM;BPI-121-CO 2019-10-15 07:08 AM;BPI-121-CO 2019-10-15 07:47 AM;NA;NA;NA;NA;BPI-121-CO 2020-08-12 07:48 AM;BPI-121-CO 2020-08-12 08:23 AM;BPI-121-CO 2020-09-18 06:24 AM;BPI-121-CO 2020-09-18 08:52 AM;BPI-121-CO 2021-02-23 07:13 AM;BPI-121-CO 2021-02-23 09:42 AM;BPI-121-CO 2021-03-19 06:55 AM;BPI-121-CO 2021-03-19 09:29 AM;BPI-121-CO 2021-08-20 08:03 AM;BPI-121-CO 2021-08-20 08:17 AM;BPI-121-CO 2021-09-17 07:08 AM;BPI-121-CO 2021-09-17 09:28 AM
121;BPI-122-CO 2019-10-11 06:23 AM;BPI-122-CO 2019-10-11 09:05 AM;BPI-122-CO 2019-10-15 06:10 AM;BPI-122-CO 2019-10-15 08:30 AM;NA;NA;NA;NA;BPI-122-CO 2020-08-12 08:18 AM;BPI-122-CO 2020-08-12 08:52 AM;BPI-122-CO 2020-09-18 06:58 AM;NA;BPI-122-CO 2021-02-23 07:43 AM;BPI-122-CO 2021-02-23 08:56 AM;BPI-122-CO 2021-03-19 07:24 AM;BPI-122-CO 2021-03-19 09:52 AM;BPI-122-CO 2021-08-20 07:24 AM;BPI-122-CO 2021-08-20 07:44 AM;BPI-122-CO 2021-09-17 09:49 AM;BPI-122-CO 2021-09-17 10:14 AM
122;BPI-123-CO 2019-10-11 06:42 AM;BPI-123-CO 2019-10-11 08:43 AM;BPI-123-CO 2019-10-15 06:30 AM;BPI-123-CO 2019-10-15 08:13 AM;NA;NA;NA;NA;BPI-123-CO 2020-08-12 07:21 AM;BPI-123-CO 2020-08-12 07:42 AM;BPI-123-CO 2020-09-18 07:17 AM;BPI-123-CO 2020-09-18 09:17 AM;BPI-123-CO 2021-02-23 06:29 AM;BPI-123-CO 2021-02-23 08:35 AM;BPI-123-CO 2021-03-19 07:44 AM;BPI-123-CO 2021-03-19 08:57 AM;BPI-123-CO 2021-08-20 08:55 AM;BPI-123-CO 2021-08-20 09:12 AM;BPI-123-CO 2021-09-17 09:59 AM;BPI-123-CO 2021-09-19 08:59 AM
123;BPI-124-CO 2019-10-10 06:16 AM;BPI-124-CO 2019-10-10 06:34 AM;BPI-124-CO 2019-10-16 06:46 AM;BPI-124-CO 2019-10-16 07:19 AM;BPI-124-CO 2020-01-21 08:21 AM;BPI-124-CO 2020-01-21 08:38 AM;BPI-124-CO 2020-01-23 06:49 AM;BPI-124-CO 2020-01-31 08:51 AM;BPI-124-CO 2020-08-13 06:10 AM;BPI-124-CO 2020-08-13 06:43 AM;BPI-124-CO 2020-09-10 07:25 AM;BPI-124-CO 2020-09-10 08:33 AM;BPI-124-CO 2021-02-15 07:04 AM;BPI-124-CO 2021-02-15 07:25 AM;BPI-124-CO 2021-02-15 09:12 AM;BPI-124-CO 2021-03-09 07:09 AM;BPI-124-CO 2021-07-19 06:21 AM;BPI-124-CO 2021-07-19 07:23 AM;BPI-124-CO 2021-07-19 08:47 AM;BPI-124-CO 2021-08-16 08:42 AM
124;BPI-125-CO 2019-10-10 06:22 AM;BPI-125-CO 2019-10-10 06:39 AM;BPI-125-CO 2019-10-10 08:41 AM;BPI-125-CO 2019-10-16 06:31 AM;BPI-125-CO 2019-10-16 07:03 AM;BPI-125-CO 2020-01-21 08:23 AM;BPI-125-CO 2020-01-21 08:44 AM;BPI-125-CO 2020-01-23 07:01 AM;BPI-125-CO 2020-01-31 08:36 AM;BPI-125-CO 2020-08-13 06:06 AM;BPI-125-CO 2020-08-13 06:25 AM;BPI-125-CO 2020-09-10 09:08 AM;BPI-125-CO 2021-02-15 06:50 AM;BPI-125-CO 2021-02-15 07:21 AM;BPI-125-CO 2021-02-15 08:55 AM;BPI-125-CO 2021-03-09 06:54 AM;BPI-125-CO 2021-07-19 06:37 AM;BPI-125-CO 2021-07-19 07:10 AM;BPI-125-CO 2021-07-19 08:29 AM;BPI-125-CO 2021-08-16 08:29 AM
125;BPI-126-CO 2019-10-22 05:47 AM;BPI-126-CO 2019-10-22 06:42 AM;BPI-126-CO 2019-10-24 07:27 AM;BPI-126-CO 2019-10-24 07:43 AM;BPI-126-CO 2020-02-09 06:40 AM;BPI-126-CO 2020-02-09 08:12 AM;BPI-126-CO 2020-02-11 07:16 AM;BPI-126-CO 2020-02-11 08:44 AM;BPI-126-CO 2020-08-10 08:59 AM;BPI-126-CO 2020-08-10 09:33 AM;BPI-126-CO 2020-09-11 07:54 AM;BPI-126-CO 2020-09-11 09:18 AM;BPI-126-CO 2021-02-05 06:07 AM;BPI-126-CO 2021-02-05 08:25 AM;BPI-126-CO 2021-03-15 06:21 AM;BPI-126-CO 2021-03-15 06:52 AM;BPI-126-CO 2021-07-26 07:08 AM;BPI-126-CO 2021-08-02 07:21 AM;BPI-126-CO 2021-08-02 07:44 AM;BPI-126-CO 2021-08-02 08:14 AM
126;BPI-127-CO 2019-10-22 06:04 AM;BPI-127-CO 2019-10-22 06:28 AM;BPI-127-CO 2019-10-24 07:59 AM;BPI-127-CO 2019-10-24 08:28 AM;BPI-127-CO 2020-02-09 06:27 AM;BPI-127-CO 2020-02-09 08:26 AM;BPI-127-CO 2020-02-11 07:00 AM;BPI-127-CO 2020-02-11 08:45 AM;BPI-127-CO 2020-08-10 09:17 AM;BPI-127-CO 2020-08-10 09:42 AM;BPI-127-CO 2020-09-11 08:08 AM;BPI-127-CO 2020-09-11 09:05 AM;BPI-127-CO 2021-02-05 08:35 AM;BPI-127-CO 2021-02-05 08:54 AM;BPI-127-CO 2021-03-15 06:37 AM;BPI-127-CO 2021-03-15 08:19 AM;BPI-127-CO 2021-07-26 07:25 AM;BPI-127-CO 2021-08-02 07:04 AM;BPI-127-CO 2021-08-02 07:29 AM;BPI-127-CO 2021-08-02 08:00 AM
127;BPI-128-CO 2019-10-22 05:54 AM;BPI-128-CO 2019-10-22 06:22 AM;BPI-128-CO 2019-10-24 08:14 AM;BPI-128-CO 2019-10-24 08:43 AM;BPI-128-CO 2020-02-09 06:14 AM;BPI-128-CO 2020-02-09 08:40 AM;BPI-128-CO 2020-02-11 06:46 AM;BPI-128-CO 2020-02-11 09:05 AM;BPI-128-CO 2020-08-10 09:01 AM;BPI-128-CO 2020-08-10 09:32 AM;BPI-128-CO 2020-09-11 08:21 AM;BPI-128-CO 2020-09-11 08:43 AM;BPI-128-CO 2021-02-05 08:56 AM;BPI-128-CO 2021-02-05 09:20 AM;BPI-128-CO 2021-03-15 08:33 AM;BPI-128-CO 2021-03-15 09:08 AM;BPI-128-CO 2021-07-26 07:40 AM;BPI-128-CO 2021-08-02 06:45 AM;BPI-128-CO 2021-08-02 07:03 AM;BPI-128-CO 2021-08-02 08:28 AM
128;BPI-129-CO 2019-10-22 07:22 AM;BPI-129-CO 2019-10-22 07:41 AM;BPI-129-CO 2019-10-24 08:09 AM;BPI-129-CO 2019-10-24 08:25 AM;BPI-129-CO 2020-02-18 06:54 AM;BPI-129-CO 2020-02-19 08:28 AM;NA;NA;BPI-129-CO 2020-08-10 06:32 AM;BPI-129-CO 2020-08-10 06:50 AM;BPI-129-CO 2020-09-07 06:04 AM;BPI-129-CO 2020-09-07 06:52 AM;BPI-129-CO 2021-02-10 06:52 AM;BPI-129-CO 2021-02-10 07:51 AM;BPI-129-CO 2021-02-23 07:03 AM;NA;BPI-129-CO 2021-07-26 06:21 AM;BPI-129-CO 2021-09-14 07:38 AM;BPI-129-CO 2021-09-14 07:56 AM;BPI-129-CO 2021-09-14 09:56 AM
129;BPI-130-CO 2019-10-22 08:21 AM;BPI-130-CO 2019-10-22 08:35 AM;BPI-130-CO 2019-10-24 06:44 AM;BPI-130-CO 2019-10-24 07:02 AM;BPI-130-CO 2020-02-09 08:54 AM;BPI-130-CO 2020-02-09 09:10 AM;BPI-130-CO 2020-02-11 06:30 AM;BPI-130-CO 2020-02-11 09:09 AM;BPI-130-CO 2020-09-03 06:05 AM;BPI-130-CO 2020-09-03 06:25 AM;BPI-130-CO 2020-09-07 05:54 AM;BPI-130-CO 2020-09-07 08:04 AM;BPI-130-CO 2021-02-10 06:57 AM;BPI-130-CO 2021-02-10 08:44 AM;BPI-130-CO 2021-02-10 09:45 AM;BPI-130-CO 2021-02-23 06:20 AM;BPI-130-CO 2021-07-26 07:56 AM;BPI-130-CO 2021-08-02 06:24 AM;BPI-130-CO 2021-08-02 06:44 AM;BPI-130-CO 2021-08-02 08:48 AM
130;BPI-131-CO 2019-11-19 07:01 AM;BPI-131-CO 2019-11-19 07:18 AM;BPI-131-CO 2019-11-20 06:38 AM;BPI-131-CO 2019-11-20 06:57 AM;BPI-131-CO 2020-02-27 06:45 AM;BPI-131-CO 2020-02-27 07:13 AM;BPI-131-CO 2020-02-28 06:30 AM;BPI-131-CO 2020-02-28 07:00 AM;BPI-131-CO 2020-08-25 07:18 AM;BPI-131-CO 2020-08-25 07:51 AM;BPI-131-CO 2020-09-09 06:11 AM;BPI-131-CO 2020-09-09 06:43 AM;BPI-131-CO 2021-03-02 06:26 AM;BPI-131-CO 2021-03-02 07:40 AM;BPI-131-CO 2021-03-18 07:55 AM;BPI-131-CO 2021-03-25 06:44 AM;BPI-131-CO 2021-07-26 08:33 AM;BPI-131-CO 2021-08-03 09:15 AM;BPI-131-CO 2021-08-13 06:42 AM;BPI-131-CO 2021-09-06 08:24 AM
131;BPI-132-CO 2019-11-19 06:44 AM;BPI-132-CO 2019-11-19 07:32 AM;BPI-132-CO 2019-11-20 06:25 AM;BPI-132-CO 2019-11-20 07:12 AM;BPI-132-CO 2020-02-27 06:59 AM;BPI-132-CO 2020-02-27 07:26 AM;BPI-132-CO 2020-02-28 06:15 AM;BPI-132-CO 2020-02-28 06:45 AM;BPI-132-CO 2020-08-25 07:44 AM;BPI-132-CO 2020-08-25 08:18 AM;BPI-132-CO 2020-09-09 05:54 AM;BPI-132-CO 2020-09-09 07:03 AM;BPI-132-CO 2021-03-02 06:10 AM;BPI-132-CO 2021-03-02 07:58 AM;BPI-132-CO 2021-03-18 08:11 AM;BPI-132-CO 2021-03-25 06:28 AM;BPI-132-CO 2021-07-26 08:52 AM;BPI-132-CO 2021-08-03 09:03 AM;BPI-132-CO 2021-08-13 06:26 AM;BPI-132-CO 2021-09-06 07:22 AM
132;BPI-133-CO 2019-11-15 06:33 AM;BPI-133-CO 2019-11-15 06:53 AM;BPI-133-CO 2019-11-15 07:33 AM;BPI-133-CO 2019-11-15 07:50 AM;NA;NA;NA;NA;BPI-133-CO 2020-08-25 06:01 AM;NA;BPI-133-CO 2020-09-09 06:52 AM;BPI-133-CO 2020-09-09 08:04 AM;BPI-133-CO 2021-03-26 06:26 AM;BPI-133-CO 2021-03-26 06:48 AM;BPI-133-CO 2021-03-26 07:07 AM;NA;NA;NA;BPI-133-CO 2021-09-07 07:29 AM;BPI-133-CO 2021-09-07 08:22 AM
133;BPI-134-CO 2019-11-15 06:39 AM;BPI-134-CO 2019-11-15 06:56 AM;BPI-134-CO 2019-11-15 07:33 AM;BPI-134-CO 2019-11-15 07:49 AM;NA;NA;NA;NA;BPI-134-CO 2020-08-25 06:18 AM;NA;BPI-134-CO 2020-09-09 07:19 AM;BPI-134-CO 2020-09-09 07:43 AM;BPI-134-CO 2021-03-26 06:26 AM;BPI-134-CO 2021-03-26 06:46 AM;BPI-134-CO 2021-03-26 07:12 AM;NA;NA;NA;BPI-134-CO 2021-09-07 07:46 AM;BPI-134-CO 2021-09-07 08:06 AM
134;BPI-135-CO 2019-11-21 08:14 AM;BPI-135-CO 2019-11-21 08:35 AM;BPI-135-CO 2019-11-25 06:40 AM;BPI-135-CO 2019-11-25 08:21 AM;BPI-135-CO 2020-03-09 06:40 AM;BPI-135-CO 2020-03-09 08:40 AM;BPI-135-CO 2020-03-10 07:57 AM;BPI-135-CO 2020-03-10 09:06 AM;BPI-135-CO 2020-08-27 06:06 AM;BPI-135-CO 2020-08-27 07:32 AM;BPI-135-CO 2020-09-27 07:36 AM;BPI-135-CO 2020-09-27 09:56 AM;BPI-135-CO 2021-02-11 06:08 AM;BPI-135-CO 2021-02-11 07:19 AM;BPI-135-CO 2021-02-11 08:53 AM;BPI-135-CO 2021-03-29 06:41 AM;BPI-135-CO 2021-08-06 05:59 AM;BPI-135-CO 2021-08-06 07:13 AM;BPI-135-CO 2021-09-03 07:46 AM;BPI-135-CO 2021-09-03 08:48 AM
135;BPI-136-CO 2019-10-21 06:42 AM;BPI-136-CO 2019-10-21 07:10 AM;BPI-136-CO 2019-10-21 08:09 AM;BPI-136-CO 2019-10-21 08:43 AM;BPI-136-CO 2020-02-07 06:30 AM;BPI-136-CO 2020-02-07 08:17 AM;BPI-136-CO 2020-02-10 07:12 AM;BPI-136-CO 2020-02-10 07:55 AM;BPI-136-CO 2020-08-21 07:21 AM;BPI-136-CO 2020-08-21 08:04 AM;BPI-136-CO 2020-09-21 05:42 AM;BPI-136-CO 2020-09-21 07:18 AM;BPI-136-CO 2021-02-22 07:00 AM;BPI-136-CO 2021-02-22 07:33 AM;BPI-136-CO 2021-02-22 08:01 AM;BPI-136-CO 2021-03-16 06:21 AM;BPI-136-CO 2021-07-22 08:18 AM;BPI-136-CO 2021-07-28 06:09 AM;BPI-136-CO 2021-08-15 07:38 AM;BPI-136-CO 2021-08-27 08:52 AM
136;BPI-137-CO 2019-10-21 06:26 AM;BPI-137-CO 2019-10-21 06:57 AM;BPI-137-CO 2019-10-21 07:52 AM;BPI-137-CO 2019-10-21 08:28 AM;BPI-137-CO 2020-02-07 06:43 AM;BPI-137-CO 2020-02-07 08:03 AM;BPI-137-CO 2020-02-10 07:26 AM;BPI-137-CO 2020-02-10 08:09 AM;BPI-137-CO 2020-08-21 07:41 AM;BPI-137-CO 2020-08-21 08:19 AM;BPI-137-CO 2020-09-21 05:58 AM;BPI-137-CO 2020-09-21 09:15 AM;BPI-137-CO 2021-02-22 07:22 AM;BPI-137-CO 2021-02-22 07:47 AM;BPI-137-CO 2021-02-22 08:23 AM;BPI-137-CO 2021-03-16 06:34 AM;BPI-137-CO 2021-07-22 08:30 AM;BPI-137-CO 2021-07-28 06:23 AM;BPI-137-CO 2021-08-15 07:54 AM;BPI-137-CO 2021-08-27 09:07 AM
137;BPI-138-CO 2019-10-21 06:06 AM;BPI-138-CO 2019-10-21 07:25 AM;BPI-138-CO 2019-10-21 07:37 AM;BPI-138-CO 2019-10-21 08:38 AM;BPI-138-CO 2020-02-07 06:56 AM;BPI-138-CO 2020-02-07 07:50 AM;BPI-138-CO 2020-02-10 06:55 AM;BPI-138-CO 2020-02-10 07:41 AM;BPI-138-CO 2020-08-21 07:56 AM;BPI-138-CO 2020-08-21 08:32 AM;BPI-138-CO 2020-09-21 06:17 AM;BPI-138-CO 2020-09-21 09:00 AM;BPI-138-CO 2021-02-22 06:50 AM;BPI-138-CO 2021-02-22 07:48 AM;BPI-138-CO 2021-02-22 08:42 AM;BPI-138-CO 2021-03-16 06:50 AM;BPI-138-CO 2021-07-28 06:40 AM;BPI-138-CO 2021-07-28 08:14 AM;BPI-138-CO 2021-08-15 08:10 AM;BPI-138-CO 2021-08-29 06:12 AM
138;BPI-139-CO 2019-10-21 06:04 AM;BPI-139-CO 2019-10-21 07:14 AM;BPI-139-CO 2019-10-21 07:43 AM;BPI-139-CO 2019-10-21 08:24 AM;BPI-139-CO 2020-02-07 07:10 AM;BPI-139-CO 2020-02-07 07:37 AM;BPI-139-CO 2020-02-10 06:06 AM;BPI-139-CO 2020-02-10 06:39 AM;BPI-139-CO 2020-08-21 07:43 AM;BPI-139-CO 2020-08-21 08:13 AM;BPI-139-CO 2020-09-21 06:32 AM;BPI-139-CO 2020-09-21 08:38 AM;BPI-139-CO 2021-02-22 07:09 AM;BPI-139-CO 2021-02-22 08:25 AM;BPI-139-CO 2021-02-22 09:11 AM;BPI-139-CO 2021-03-16 07:07 AM;BPI-139-CO 2021-07-28 06:57 AM;BPI-139-CO 2021-07-28 07:50 AM;BPI-139-CO 2021-08-15 08:25 AM;BPI-139-CO 2021-08-29 06:33 AM
139;BPI-140-CO 2019-10-31 06:25 AM;BPI-140-CO 2019-10-31 06:44 AM;BPI-140-CO 2019-11-06 06:59 AM;BPI-140-CO 2019-11-06 07:19 AM;BPI-140-CO 2020-02-25 06:53 AM;BPI-140-CO 2020-02-25 07:28 AM;BPI-140-CO 2020-02-26 06:31 AM;BPI-140-CO 2020-02-26 06:47 AM;BPI-140-CO 2020-08-20 07:05 AM;NA;BPI-140-CO 2020-09-08 07:19 AM;BPI-140-CO 2020-09-08 07:39 AM;BPI-140-CO 2021-03-08 07:58 AM;BPI-140-CO 2021-03-08 08:06 AM;BPI-140-CO 2021-03-08 08:45 AM;BPI-140-CO 2021-03-08 09:26 AM;BPI-140-CO 2021-08-21 07:41 AM;BPI-140-CO 2021-08-21 07:56 AM;BPI-140-CO 2021-08-21 08:53 AM;BPI-140-CO 2021-09-21 06:59 AM
140;BPI-141-CO 2019-10-31 06:07 AM;BPI-141-CO 2019-10-31 07:00 AM;BPI-141-CO 2019-11-06 06:21 AM;BPI-141-CO 2019-11-06 06:40 AM;BPI-141-CO 2020-02-25 06:36 AM;BPI-141-CO 2020-02-25 07:09 AM;BPI-141-CO 2020-02-26 06:15 AM;BPI-141-CO 2020-02-26 07:06 AM;BPI-141-CO 2020-08-20 06:47 AM;NA;BPI-141-CO 2020-09-08 07:02 AM;BPI-141-CO 2020-09-08 07:56 AM;BPI-141-CO 2021-03-08 07:29 AM;BPI-141-CO 2021-03-08 07:47 AM;BPI-141-CO 2021-03-08 08:26 AM;BPI-141-CO 2021-03-08 09:10 AM;BPI-141-CO 2021-08-21 07:25 AM;BPI-141-CO 2021-08-21 08:11 AM;BPI-141-CO 2021-08-21 08:38 AM;BPI-141-CO 2021-09-21 06:41 AM
141;BPI-142-CO 2019-11-06 06:01 AM;BPI-142-CO 2019-11-06 07:41 AM;BPI-142-CO 2019-11-14 07:59 AM;BPI-142-CO 2019-11-14 08:31 AM;BPI-142-CO 2020-02-25 06:17 AM;BPI-142-CO 2020-02-25 07:47 AM;BPI-142-CO 2020-02-26 07:23 AM;BPI-142-CO 2020-02-26 07:48 AM;BPI-142-CO 2020-08-20 06:31 AM;NA;BPI-142-CO 2020-09-08 06:59 AM;BPI-142-CO 2020-09-08 07:30 AM;BPI-142-CO 2021-03-08 07:08 AM;BPI-142-CO 2021-03-08 08:21 AM;BPI-142-CO 2021-03-08 09:08 AM;BPI-142-CO 2021-03-25 08:17 AM;BPI-142-CO 2021-08-21 07:04 AM;BPI-142-CO 2021-08-21 08:15 AM;BPI-142-CO 2021-08-21 08:29 AM;BPI-142-CO 2021-09-21 07:21 AM
142;BPI-143-CO 2019-10-31 05:47 AM;BPI-143-CO 2019-11-06 05:45 AM;BPI-143-CO 2019-11-06 07:54 AM;BPI-143-CO 2019-11-14 08:16 AM;BPI-143-CO 2020-02-25 06:04 AM;BPI-143-CO 2020-02-25 08:00 AM;BPI-143-CO 2020-02-26 07:35 AM;BPI-143-CO 2020-02-26 08:00 AM;BPI-143-CO 2020-08-20 06:16 AM;NA;BPI-143-CO 2020-09-08 07:14 AM;BPI-143-CO 2020-09-08 07:47 AM;BPI-143-CO 2021-03-08 06:51 AM;BPI-143-CO 2021-03-08 08:49 AM;BPI-143-CO 2021-03-08 09:22 AM;BPI-143-CO 2021-03-25 08:33 AM;BPI-143-CO 2021-08-21 06:46 AM;BPI-143-CO 2021-08-21 08:00 AM;BPI-143-CO 2021-08-21 08:45 AM;BPI-143-CO 2021-09-21 07:34 AM
143;BPI-144-CO 2019-10-23 07:36 AM;BPI-144-CO 2019-10-23 07:51 AM;BPI-144-CO 2019-10-23 08:54 AM;BPI-144-CO 2019-11-08 08:19 AM;BPI-144-CO 2020-02-13 07:29 AM;BPI-144-CO 2020-02-13 07:50 AM;BPI-144-CO 2020-02-14 06:39 AM;BPI-144-CO 2020-02-14 07:01 AM;BPI-144-CO 2020-08-20 08:40 AM;BPI-144-CO 2020-08-20 09:45 AM;BPI-144-CO 2020-09-08 09:06 AM;BPI-144-CO 2020-09-08 09:52 AM;BPI-144-CO 2021-01-28 09:13 AM;BPI-144-CO 2021-03-03 07:40 AM;BPI-144-CO 2021-03-29 06:07 AM;BPI-144-CO 2021-03-30 08:03 AM;BPI-144-CO 2021-08-09 07:33 AM;BPI-144-CO 2021-08-16 08:09 AM;BPI-144-CO 2021-09-08 07:42 AM;BPI-144-CO 2021-09-08 08:10 AM
144;NA;NA;NA;NA;BPI-145-CO 2020-03-06 06:26 AM;BPI-145-CO 2020-03-06 06:48 AM;NA;NA;BPI-145-CO 2020-08-26 05:59 AM;BPI-145-CO 2020-08-26 06:17 AM;BPI-145-CO 2020-09-30 06:55 AM;BPI-145-CO 2020-09-30 07:17 AM;BPI-145-CO 2021-02-17 06:52 AM;BPI-145-CO 2021-02-17 08:54 AM;BPI-145-CO 2021-02-17 09:27 AM;BPI-145-CO 2021-04-06 10:22 AM;BPI-145-CO 2021-07-23 09:21 AM;BPI-145-CO 2021-08-29 06:59 AM;BPI-145-CO 2021-08-29 07:19 AM;BPI-145-CO 2021-08-29 08:34 AM
145;BPI-146-CO 2019-10-25 08:00 AM;BPI-146-CO 2019-10-25 08:42 AM;BPI-146-CO 2019-10-26 06:34 AM;BPI-146-CO 2019-10-26 07:09 AM;NA;BPI-146-CO 2020-02-03 08:44 AM;BPI-146-CO 2020-02-04 06:35 AM;BPI-146-CO 2020-02-04 07:27 AM;BPI-146-CO 2020-08-26 07:09 AM;BPI-146-CO 2020-08-26 08:20 AM;BPI-146-CO 2020-09-30 08:17 AM;BPI-146-CO 2020-09-30 09:18 AM;BPI-146-CO 2021-02-17 06:27 AM;BPI-146-CO 2021-02-17 08:05 AM;BPI-146-CO 2021-02-17 09:50 AM;BPI-146-CO 2021-04-06 06:51 AM;BPI-146-CO 2021-07-23 08:23 AM;BPI-146-CO 2021-08-29 06:17 AM;BPI-146-CO 2021-08-29 07:43 AM;BPI-146-CO 2021-08-29 08:29 AM
146;BPI-147-CO 2019-10-25 08:29 AM;BPI-147-CO 2019-10-25 08:47 AM;BPI-147-CO 2019-10-26 06:51 AM;BPI-147-CO 2019-10-26 07:25 AM;NA;BPI-147-CO 2020-02-03 09:03 AM;BPI-147-CO 2020-02-04 06:55 AM;BPI-147-CO 2020-02-04 07:10 AM;BPI-147-CO 2020-08-26 07:37 AM;BPI-147-CO 2020-08-26 08:46 AM;BPI-146-CO 2020-09-30 08:43 AM;BPI-147-CO 2020-09-30 09:37 AM;BPI-147-CO 2021-02-17 06:53 AM;BPI-147-CO 2021-02-17 08:35 AM;BPI-147-CO 2021-02-17 09:36 AM;BPI-147-CO 2021-04-06 06:28 AM;BPI-147-CO 2021-07-23 08:00 AM;BPI-147-CO 2021-08-29 06:44 AM;BPI-147-CO 2021-08-29 07:27 AM;BPI-147-CO 2021-08-29 08:10 AM
147;BPI-148-CO 2019-11-21 07:34 AM;BPI-148-CO 2019-11-21 07:51 AM;BPI-148-CO 2019-11-25 06:26 AM;BPI-148-CO 2019-11-25 08:35 AM;BPI-148-CO 2020-03-09 06:56 AM;BPI-148-CO 2020-03-09 08:22 AM;BPI-148-CO 2020-03-10 07:43 AM;BPI-148-CO 2020-03-10 08:50 AM;BPI-148-CO 2020-08-27 06:27 AM;BPI-148-CO 2020-08-27 07:47 AM;BPI-148-CO 2020-09-27 07:56 AM;BPI-148-CO 2020-09-27 09:44 AM;BPI-148-CO 2021-02-11 06:25 AM;BPI-148-CO 2021-02-11 07:34 AM;BPI-148-CO 2021-02-11 09:08 AM;BPI-148-CO 2021-03-29 06:52 AM;BPI-148-CO 2021-08-06 06:15 AM;BPI-148-CO 2021-08-06 06:57 AM;BPI-148-CO 2021-09-03 08:03 AM;BPI-148-CO 2021-09-03 08:31 AM
148;BPI-149-CO 2019-11-21 06:59 AM;BPI-149-CO 2019-11-21 07:15 AM;BPI-149-CO 2019-11-25 08:00 AM;BPI-149-CO 2019-11-25 08:41 AM;BPI-149-CO 2020-03-09 08:06 AM;BPI-149-CO 2020-03-09 08:48 AM;BPI-149-CO 2020-03-10 07:23 AM;BPI-149-CO 2020-03-10 08:31 AM;BPI-149-CO 2020-08-27 06:57 AM;BPI-149-CO 2020-08-27 08:15 AM;BPI-149-CO 2020-09-27 08:26 AM;BPI-149-CO 2020-09-27 08:48 AM;BPI-149-CO 2021-02-11 06:49 AM;BPI-149-CO 2021-02-11 07:51 AM;BPI-149-CO 2021-02-11 08:32 AM;BPI-149-CO 2021-03-29 07:10 AM;BPI-149-CO 2021-08-06 06:32 AM;BPI-149-CO 2021-08-06 06:56 AM;BPI-149-CO 2021-09-03 08:07 AM;BPI-149-CO 2021-09-03 08:31 AM
149;BPI-150-CO 2019-11-21 06:22 AM;BPI-150-CO 2019-11-21 06:40 AM;BPI-150-CO 2019-11-25 07:45 AM;BPI-150-CO 2019-11-25 08:26 AM;BPI-150-CO 2020-03-09 07:52 AM;BPI-150-CO 2020-03-09 08:31 AM;BPI-150-CO 2020-03-10 07:07 AM;BPI-150-CO 2020-03-10 08:16 AM;BPI-150-CO 2020-08-27 07:17 AM;BPI-150-CO 2020-08-27 08:38 AM;BPI-150-CO 2020-09-27 07:11 AM;BPI-150-CO 2020-09-27 09:24 AM;BPI-150-CO 2021-02-11 06:49 AM;BPI-150-CO 2021-02-11 08:12 AM;BPI-150-CO 2021-02-11 09:00 AM;BPI-150-CO 2021-03-29 06:26 AM;BPI-150-CO 2021-08-06 06:12 AM;BPI-150-CO 2021-08-06 06:41 AM;BPI-150-CO 2021-09-03 07:51 AM;BPI-150-CO 2021-09-03 08:47 AM
150;BPI-151-CO 2019-11-22 07:47 AM;BPI-151-CO 2019-11-25 07:26 AM;BPI-151-CO 2019-11-25 07:56 AM;BPI-151-CO 2019-11-25 08:10 AM;BPI-151-CO 2020-03-09 07:35 AM;BPI-151-CO 2020-03-09 08:15 AM;BPI-151-CO 2020-03-10 08:00 AM;BPI-151-CO 2020-03-10 09:14 AM;BPI-151-CO 2020-08-27 07:06 AM;BPI-151-CO 2020-08-27 08:44 AM;BPI-151-CO 2020-09-27 08:00 AM;BPI-151-CO 2020-09-27 09:05 AM;BPI-151-CO 2021-02-11 07:15 AM;BPI-151-CO 2021-02-11 07:50 AM;BPI-151-CO 2021-02-11 09:26 AM;BPI-151-CO 2021-03-29 08:48 AM;BPI-151-CO 2021-08-06 07:19 AM;BPI-151-CO 2021-08-06 08:57 AM;BPI-151-CO 2021-09-03 06:22 AM;BPI-151-CO 2021-09-03 07:35 AM
151;BPI-152-CO 2019-11-22 07:25 AM;BPI-152-CO 2019-11-22 08:07 AM;BPI-152-CO 2019-11-25 07:01 AM;BPI-152-CO 2019-11-25 07:38 AM;BPI-152-CO 2020-03-09 07:15 AM;BPI-152-CO 2020-03-09 07:55 AM;BPI-152-CO 2020-03-10 07:44 AM;BPI-152-CO 2020-03-10 08:57 AM;BPI-152-CO 2020-08-27 06:47 AM;BPI-152-CO 2020-08-27 09:15 AM;BPI-152-CO 2020-09-27 08:28 AM;BPI-152-CO 2020-09-27 08:46 AM;BPI-152-CO 2021-02-11 07:26 AM;BPI-152-CO 2021-02-11 08:31 AM;BPI-152-CO 2021-02-11 09:03 AM;BPI-152-CO 2021-03-29 08:23 AM;BPI-152-CO 2021-08-06 07:35 AM;BPI-152-CO 2021-08-06 08:37 AM;BPI-152-CO 2021-09-03 06:38 AM;BPI-152-CO 2021-09-03 07:11 AM
152;BPI-153-CO 2019-11-22 06:52 AM;BPI-153-CO 2019-11-22 08:26 AM;BPI-153-CO 2019-11-25 06:39 AM;BPI-153-CO 2019-11-25 07:18 AM;BPI-153-CO 2020-03-09 06:55 AM;BPI-153-CO 2020-03-09 07:32 AM;BPI-153-CO 2020-03-10 07:25 AM;BPI-153-CO 2020-03-10 08:34 AM;BPI-153-CO 2020-08-27 06:19 AM;BPI-153-CO 2020-08-27 08:04 AM;BPI-153-CO 2020-09-27 09:16 AM;BPI-153-CO 2020-09-27 09:51 AM;BPI-153-CO 2021-02-11 06:52 AM;BPI-153-CO 2021-02-11 08:04 AM;BPI-153-CO 2021-02-11 08:32 AM;BPI-153-CO 2021-03-29 07:57 AM;BPI-153-CO 2021-08-06 07:56 AM;BPI-153-CO 2021-08-06 08:12 AM;BPI-153-CO 2021-09-03 06:42 AM;BPI-153-CO 2021-09-03 07:07 AM
153;BPI-154-CO 2019-11-22 06:30 AM;BPI-154-CO 2019-11-22 08:46 AM;BPI-154-CO 2019-11-25 06:22 AM;BPI-154-CO 2019-11-25 06:59 AM;BPI-154-CO 2020-03-09 06:39 AM;BPI-154-CO 2020-03-09 07:13 AM;BPI-154-CO 2020-03-10 07:09 AM;BPI-154-CO 2020-03-10 08:13 AM;BPI-154-CO 2020-08-27 05:58 AM;BPI-154-CO 2020-08-27 09:05 AM;BPI-154-CO 2020-09-27 07:37 AM;BPI-154-CO 2020-09-27 10:25 AM;BPI-154-CO 2021-02-11 06:33 AM;BPI-154-CO 2021-02-11 07:43 AM;BPI-154-CO 2021-02-11 08:08 AM;BPI-154-CO 2021-03-29 07:37 AM;BPI-154-CO 2021-08-06 07:31 AM;BPI-154-CO 2021-08-06 08:28 AM;BPI-154-CO 2021-09-03 06:23 AM;BPI-154-CO 2021-09-03 07:25 AM
